Workbook

Sheet 使い方と設定
A1: 称号ステータス自動配分 ｜ TYPE × ELEMENT
A4: 称号数 | B4: 366 | D4: 個性タイプ数 | E4: 50
A6: 共通調整項目 | B6: 初期値 | D6: ステージ成長倍率（編集可） | E6: 1.04
A7: 称号ステータス補正の合計予算 | B7: 1.5 | D7: Stage 1 の称号倍率 | E7: =POWER($E$6,0) -> 1
A8: 属性耐性の全体倍率 | B8: 1 | D8: Stage 10 の称号倍率 | E8: =POWER($E$6,9) -> 1.4233118
A9: 素材ドロップ率の基準値 | B9: 0.5 | D9: Stage 30 の称号倍率 | E9: =POWER($E$6,29) -> 3.1186515
A10: 称号個別倍率の既定値 | B10: 1 | D10: Stage 61 の称号倍率 | E10: =POWER($E$6,60) -> 10.519627
A12: 操作方法 ｜ 黄色＝編集可能 / 青色＝自動計算
A13: 1. 「称号計算」E列に、モンスターの個性タイプを366件分ペーストしてください
A14: 2. 同 F列に、属性（火・水・風・雷・光・闇）を366件分ペーストしてください
A15: 3. H列が「OK」になった称号は、能力補正・6属性耐性・ドロップ率を自動計算します
A16: 4. G列（個別強度倍率）は全件1.00。特殊な称号だけ変更できます
A17: 5. 共通予算・耐性倍率・ドロップ率はB7～B9、ステージ成長倍率はE6で調整できます
A18: 6. 50タイプの特徴や成長方向は「個性タイプマスタ」A～P、属性傾向は「属性耐性マスタ」で調整できます
A19: 7. 変更後、Excelを保存して閉じ、ExportTitleCSV.batで称号_計算結果.csvを出力してください
A20: 8. 出力CSVは元の称号CSVと同じ21列・同じ順序。ID/名前/抽選ウェイトを維持します
A21: 9. 討伐・強化等の抽選ウェイトは称号強度と別扱い。確率は勝手に変更しません
A22: ※ 既存CSVの称号IDとモンスターIDは番号順で一致（TITLE_001→MON_001、TITLE_366→MON_366）
A23: ※ 補正合計予算0.55は仮設定です。実際の戦闘バランスに合わせて変更してください
... A25: ※ ステージは「称号計算」AJ列で個別変更可能。Stage1＝×1、Stage n＝E6^(n－1)。称号の抽選ウェイトには影響しません。
A26: 項目 | B26: 算出方法 | C26: 例 | D26: 意味
A27: 能力補正 | B27: 予算×個別倍率×タイプの重み÷全重み | C27: +0.083 | D27: ステータスを約8.3％強化
A28: 属性耐性 | B28: 属性マスタ値×タイプ耐性倍率×全体倍率 | C28: +0.065 | D28: 耐性に6.5ポイントを加算
A29: 素材ドロップ率 | B29: 基準値×個別倍率×タイプ素材適性 | C29: +0.009 | D29: ドロップ補正0.9％
A30: 抽選ウェイト | B30: 元の称号CSVからそのままコピー | C30: 0.55 | D30: 称号の付与抽選の重み

Sheet 称号計算
A1: TITLE AUTO BALANCE | 366称号 / 50タイプ × 6属性
A3: E列：個性タイプ、F列：属性を貼り付けてください。黄色＝入力 / 青色＝計算 / H列がOKなら有効
A4: 入力済み | C4: =COUNTIF(H7:H372,"OK") -> 366 | E4: 総件数 | G4: 366 | I4: 要確認 | K4: =G4-C4 -> 0 | M4: CSV出力 | O4: =IF(C4=G4,"出力可能","未入力あり") -> 出力可能
A6: 称号ID | B6: 称号名 | C6: 対応MON ID | D6: モンスター名 | E6: 個性タイプ（貼付） | F6: 属性（貼付） | G6: 個別強度倍率 | H6: 計算状態 | I6: 基礎HP | J6: 基礎MP | K6: 基礎攻撃力 | L6: 基礎魔力 | M6: 基礎防御力 | N6: 基礎魔防 | O6: クリ率 | P6: クリ倍 | Q6: 移動速度 | R6: 攻撃速度 | S6: 攻撃範囲 | T6: 火耐性 | U6: 水耐性 | V6: 風耐性 | W6: 雷耐性 | X6: 光耐性 | Y6: 闇耐性 | Z6: 素材ドロ率 | AA6: 抽選ウェイト | AB6: 能力補正合計 | AC6: 耐性補正合計 | AD6: タイプ特徴 | AE6: タイプ行 | AF6: 属性行 | AG6: 重み合計 | AH6: 耐性係数 | AI6: ドロップ係数 | AJ6: 出現ステージ（編集可） | AK6: ステージ強度倍率（自動）
A7: =+[2]称号!A2 -> TITLE_001 | B7: =+[2]称号!B2 -> 静水の微笑み | C7: MON_001 | D7: ブルースライム | E7: =[1]モンスター計算!AM5 -> 魔法・軽量 | F7: =[1]モンスター計算!C5 -> 水 | G7: 1 | H7: =IF(OR(E7="",F7=""),"未入力",IF(IFERROR(AND(ISNUMBER(AJ7),AJ7>=1,AJ7=INT(AJ7)),FALSE),IF(AE7=0,"タイプ未登録",IF(AF7=0,"属性未登録","OK")),"ステージ未設定")) -> OK | I7: =IF($H7<>"OK","",ROUND($G7*使い方と設定!$B$7*$AK7*INDEX(個性タイプマスタ!$Q$5:$AA$54,$AE7,1)/$AG7,4)) -> 0.1416 | J7: =IF($H7<>"OK","",ROUND($G7*使い方と設定!$B$7*$AK7*INDEX(個性タイプマスタ!$Q$5:$AA$54,$AE7,2)/$AG7,4)) -> 0.1554 | K7: =IF($H7<>"OK","",ROUND($G7*使い方と設定!$B$7*$AK7*INDEX(個性タイプマスタ!$Q$5:$AA$54,$AE7,3)/$AG7,4)) -> 0.0392 | L7: =IF($H7<>"OK","",ROUND($G7*使い方と設定!$B$7*$AK7*INDEX(個性タイプマスタ!$Q$5:$AA$54,$AE7,4)/$AG7,4)) -> 0.3925 | M7: =IF($H7<>"OK","",ROUND($G7*使い方と設定!$B$7*$AK7*INDEX(個性タイプマスタ!$Q$5:$AA$54,$AE7,5)/$AG7,4)) -> 0.1134 | N7: =IF($H7<>"OK","",ROUND($G7*使い方と設定!$B$7*$AK7*INDEX(個性タイプマスタ!$Q$5:$AA$54,$AE7,6)/$AG7,4)) -> 0.1334 | O7: =IF($H7<>"OK","",ROUND($G7*使い方と設定!$B$7*$AK7*INDEX(個性タイプマスタ!$Q$5:$AA$54,$AE7,7)/$AG7,4)) -> 0.0863 | P7: =IF($H7<>"OK","",ROUND($G7*使い方と設定!$B$7*$AK7*INDEX(個性タイプマスタ!$Q$5:$AA$54,$AE7,8)/$AG7,4)) -> 0.102 | Q7: =IF($H7<>"OK","",ROUND($G7*使い方と設定!$B$7*$AK7*INDEX(個性タイプマスタ!$Q$5:$AA$54,$AE7,9)/$AG7,4)) -> 0.0691 | R7: =IF($H7<>"OK","",ROUND($G7*使い方と設定!$B$7*$AK7*INDEX(個性タイプマスタ!$Q$5:$AA$54,$AE7,10)/$AG7,4)) -> 0.157 | S7: =IF($H7<>"OK","",ROUND($G7*使い方と設定!$B$7*$AK7*INDEX(個性タイプマスタ!$Q$5:$AA$54,$AE7,11)/$AG7,4)) -> 0.1099 | T7: =IF($H7<>"OK","",ROUND($G7*使い方と設定!$B$8*$AK7*$AH7*INDEX(属性耐性マスタ!$B$5:$G$10,$AF7,1),4)) -> 0.011 | U7: =IF($H7<>"OK","",ROUND($G7*使い方と設定!$B$8*$AK7*$AH7*INDEX(属性耐性マスタ!$B$5:$G$10,$AF7,2),4)) -> 0.0552 | V7: =IF($H7<>"OK","",ROUND($G7*使い方と設定!$B$8*$AK7*$AH7*INDEX(属性耐性マスタ!$B$5:$G$10,$AF7,3),4)) -> 0.0037 | W7: =IF($H7<>"OK","",ROUND($G7*使い方と設定!$B$8*$AK7*$AH7*INDEX(属性耐性マスタ!$B$5:$G$10,$AF7,4),4)) -> 0.0037 | X7: =IF($H7<>"OK","",ROUND($G7*使い方と設定!$B$8*$AK7*$AH7*INDEX(属性耐性マスタ!$B$5:$G$10,$AF7,5),4)) -> 0.0028 | Y7: =IF($H7<>"OK","",ROUND($G7*使い方と設定!$B$8*$AK7*$AH7*INDEX(属性耐性マスタ!$B$5:$G$10,$AF7,6),4)) -> 0.0028 | Z7: =IF($H7<>"OK","",ROUND($G7*使い方と設定!$B$9*$AK7*$AI7,4)) -> 0.4667 | AA7: 1 | AB7: =IF($H7<>"OK","",ROUND(SUM(I7:S7),4)) -> 1.4998 | AC7: =IF($H7<>"OK","",ROUND(SUM(T7:Y7),4)) -> 0.0792 | AD7: =IF($H7<>"OK","",INDEX(個性タイプマスタ!$P$5:$P$54,$AE7)) -> 軽快な魔法型。耐久控えめ・成長余地大 | AE7: =IFERROR(MATCH(E7,個性タイプマスタ!$A$5:$A$54,0),0) -> 1 | AF7: =IFERROR(MATCH(F7,属性耐性マスタ!$A$5:$A$10,0),0) -> 2 | AG7: =IF(AE7=0,1,INDEX(個性タイプマスタ!$AB$5:$AB$54,AE7)) -> 9.5545 | AH7: =IF(AE7=0,1,INDEX(個性タイプマスタ!$AC$5:$AC$54,AE7)) -> 0.92 | AI7: =IF(AE7=0,0,INDEX(個性タイプマスタ!$AD$5:$AD$54,AE7)) -> 0.93333333 | AJ7: 1 | AK7: =IF(OR(AJ7="",AJ7<1),"",POWER(使い方と設定!$E$6,AJ7-1)) -> 1
A8: =+[2]称号!A3 -> TITLE_002 | B8: =+[2]称号!B3 -> 灼熱のご機嫌 | C8: MON_002 | D8: レッドスライム | E8: =[1]モンスター計算!AM6 -> 魔法・物防障壁 | F8: =[1]モンスター計算!C6 -> 火 | G8: 1.05 | H8: =IF(OR(E8="",F8=""),"未入力",IF(IFERROR(AND(ISNUMBER(AJ8),AJ8>=1,AJ8=INT(AJ8)),FALSE),IF(AE8=0,"タイプ未登録",IF(AF8=0,"属性未登録","OK")),"ステージ未設定")) -> OK | I8: =IF($H8<>"OK","",ROUND($G8*使い方と設定!$B$7*$AK8*INDEX(個性タイプマスタ!$Q$5:$AA$54,$AE8,1)/$AG8,4)) -> 0.179 | J8: =IF($H8<>"OK","",ROUND($G8*使い方と設定!$B$7*$AK8*INDEX(個性タイプマスタ!$Q$5:$AA$54,$AE8,2)/$AG8,4)) -> 0.2157 | K8: =IF($H8<>"OK","",ROUND($G8*使い方と設定!$B$7*$AK8*INDEX(個性タイプマスタ!$Q$5:$AA$54,$AE8,3)/$AG8,4)) -> 0.024 | L8: =IF($H8<>"OK","",ROUND($G8*使い方と設定!$B$7*$AK8*INDEX(個性タイプマスタ!$Q$5:$AA$54,$AE8,4)/$AG8,4)) -> 0.3632 | M8: =IF($H8<>"OK","",ROUND($G8*使い方と設定!$B$7*$AK8*INDEX(個性タイプマスタ!$Q$5:$AA$54,$AE8,5)/$AG8,4)) -> 0.2408 | N8: =IF($H8<>"OK","",ROUND($G8*使い方と設定!$B$7*$AK8*INDEX(個性タイプマスタ!$Q$5:$AA$54,$AE8,6)/$AG8,4)) -> 0.0889 | O8: =IF($H8<>"OK","",ROUND($G8*使い方と設定!$B$7*$AK8*INDEX(個性タイプマスタ!$Q$5:$AA$54,$AE8,7)/$AG8,4)) -> 0.0879 | P8: =IF($H8<>"OK","",ROUND($G8*使い方と設定!$B$7*$AK8*INDEX(個性タイプマスタ!$Q$5:$AA$54,$AE8,8)/$AG8,4)) -> 0.0944 | Q8: =IF($H8<>"OK","",ROUND($G8*使い方と設定!$B$7*$AK8*INDEX(個性タイプマスタ!$Q$5:$AA$54,$AE8,9)/$AG8,4)) -> 0.0591 | R8: =IF($H8<>"OK","",ROUND($G8*使い方と設定!$B$7*$AK8*INDEX(個性タイプマスタ!$Q$5:$AA$54,$AE8,10)/$AG8,4)) -> 0.1264 | S8: =IF($H8<>"OK","",ROUND($G8*使い方と設定!$B$7*$AK8*INDEX(個性タイプマスタ!$Q$5:$AA$54,$AE8,11)/$AG8,4)) -> 0.0956 | T8: =IF($H8<>"OK","",ROUND($G8*使い方と設定!$B$8*$AK8*$AH8*INDEX(属性耐性マスタ!$B$5:$G$10,$AF8,1),4)) -> 0.0794 | U8: =IF($H8<>"OK","",ROUND($G8*使い方と設定!$B$8*$AK8*$AH8*INDEX(属性耐性マスタ!$B$5:$G$10,$AF8,2),4)) -> 0.0159 | V8: =IF($H8<>"OK","",ROUND($G8*使い方と設定!$B$8*$AK8*$AH8*INDEX(属性耐性マスタ!$B$5:$G$10,$AF8,3),4)) -> 0.0053 | W8: =IF($H8<>"OK","",ROUND($G8*使い方と設定!$B$8*$AK8*$AH8*INDEX(属性耐性マスタ!$B$5:$G$10,$AF8,4),4)) -> 0.0053 | X8: =IF($H8<>"OK","",ROUND($G8*使い方と設定!$B$8*$AK8*$AH8*INDEX(属性耐性マスタ!$B$5:$G$10,$AF8,5),4)) -> 0.004 | Y8: =IF($H8<>"OK","",ROUND($G8*使い方と設定!$B$8*$AK8*$AH8*INDEX(属性耐性マスタ!$B$5:$G$10,$AF8,6),4)) -> 0.004 | Z8: =IF($H8<>"OK","",ROUND($G8*使い方と設定!$B$9*$AK8*$AI8,4)) -> 0.4769 | AA8: 1 | AB8: =IF($H8<>"OK","",ROUND(SUM(I8:S8),4)) -> 1.575 | AC8: =IF($H8<>"OK","",ROUND(SUM(T8:Y8),4)) -> 0.1139 | AD8: =IF($H8<>"OK","",INDEX(個性タイプマスタ!$P$5:$P$54,$AE8)) -> 物理防御を集中的に強化 | AE8: =IFERROR(MATCH(E8,個性タイプマスタ!$A$5:$A$54,0),0) -> 25 | AF8: =IFERROR(MATCH(F8,属性耐性マスタ!$A$5:$A$10,0),0) -> 1 | AG8: =IF(AE8=0,1,INDEX(個性タイプマスタ!$AB$5:$AB$54,AE8)) -> 10.8415 | AH8: =IF(AE8=0,1,INDEX(個性タイプマスタ!$AC$5:$AC$54,AE8)) -> 1.26 | AI8: =IF(AE8=0,0,INDEX(個性タイプマスタ!$AD$5:$AD$54,AE8)) -> 0.90833333 | AJ8: 1 | AK8: =IF(OR(AJ8="",AJ8<1),"",POWER(使い方と設定!$E$6,AJ8-1)) -> 1
A9: =+[2]称号!A4 -> TITLE_003 | B9: =+[2]称号!B4 -> 芽吹く生命の笑顔 | C9: MON_003 | D9: グリーンスライム | E9: =[1]モンスター計算!AM7 -> 魔法・均衡 | F9: =[1]モンスター計算!C7 -> 風 | G9: 1.1 | H9: =IF(OR(E9="",F9=""),"未入力",IF(IFERROR(AND(ISNUMBER(AJ9),AJ9>=1,AJ9=INT(AJ9)),FALSE),IF(AE9=0,"タイプ未登録",IF(AF9=0,"属性未登録","OK")),"ステージ未設定")) -> OK | I9: =IF($H9<>"OK","",ROUND($G9*使い方と設定!$B$7*$AK9*INDEX(個性タイプマスタ!$Q$5:$AA$54,$AE9,1)/$AG9,4)) -> 0.1678 | J9: =IF($H9<>"OK","",ROUND($G9*使い方と設定!$B$7*$AK9*INDEX(個性タイプマスタ!$Q$5:$AA$54,$AE9,2)/$AG9,4)) -> 0.1824 | K9: =IF($H9<>"OK","",ROUND($G9*使い方と設定!$B$7*$AK9*INDEX(個性タイプマスタ!$Q$5:$AA$54,$AE9,3)/$AG9,4)) -> 0.0414 | L9: =IF($H9<>"OK","",ROUND($G9*使い方と設定!$B$7*$AK9*INDEX(個性タイプマスタ!$Q$5:$AA$54,$AE9,4)/$AG9,4)) -> 0.4145 | M9: =IF($H9<>"OK","",ROUND($G9*使い方と設定!$B$7*$AK9*INDEX(個性タイプマスタ!$Q$5:$AA$54,$AE9,5)/$AG9,4)) -> 0.1339 | N9: =IF($H9<>"OK","",ROUND($G9*使い方と設定!$B$7*$AK9*INDEX(個性タイプマスタ!$Q$5:$AA$54,$AE9,6)/$AG9,4)) -> 0.148 | O9: =IF($H9<>"OK","",ROUND($G9*使い方と設定!$B$7*$AK9*INDEX(個性タイプマスタ!$Q$5:$AA$54,$AE9,7)/$AG9,4)) -> 0.0912 | P9: =IF($H9<>"OK","",ROUND($G9*使い方と設定!$B$7*$AK9*INDEX(個性タイプマスタ!$Q$5:$AA$54,$AE9,8)/$AG9,4)) -> 0.1078 | Q9: =IF($H9<>"OK","",ROUND($G9*使い方と設定!$B$7*$AK9*INDEX(個性タイプマスタ!$Q$5:$AA$54,$AE9,9)/$AG9,4)) -> 0.073 | R9: =IF($H9<>"OK","",ROUND($G9*使い方と設定!$B$7*$AK9*INDEX(個性タイプマスタ!$Q$5:$AA$54,$AE9,10)/$AG9,4)) -> 0.1741 | S9: =IF($H9<>"OK","",ROUND($G9*使い方と設定!$B$7*$AK9*INDEX(個性タイプマスタ!$Q$5:$AA$54,$AE9,11)/$AG9,4)) -> 0.1161 | T9: =IF($H9<>"OK","",ROUND($G9*使い方と設定!$B$8*$AK9*$AH9*INDEX(属性耐性マスタ!$B$5:$G$10,$AF9,1),4)) -> 0.0044 | U9: =IF($H9<>"OK","",ROUND($G9*使い方と設定!$B$8*$AK9*$AH9*INDEX(属性耐性マスタ!$B$5:$G$10,$AF9,2),4)) -> 0.0044 | V9: =IF($H9<>"OK","",ROUND($G9*使い方と設定!$B$8*$AK9*$AH9*INDEX(属性耐性マスタ!$B$5:$G$10,$AF9,3),4)) -> 0.066 | W9: =IF($H9<>"OK","",ROUND($G9*使い方と設定!$B$8*$AK9*$AH9*INDEX(属性耐性マスタ!$B$5:$G$10,$AF9,4),4)) -> 0.0165 | X9: =IF($H9<>"OK","",ROUND($G9*使い方と設定!$B$8*$AK9*$AH9*INDEX(属性耐性マスタ!$B$5:$G$10,$AF9,5),4)) -> 0.0033 | Y9: =IF($H9<>"OK","",ROUND($G9*使い方と設定!$B$8*$AK9*$AH9*INDEX(属性耐性マスタ!$B$5:$G$10,$AF9,6),4)) -> 0.0033 | Z9: =IF($H9<>"OK","",ROUND($G9*使い方と設定!$B$9*$AK9*$AI9,4)) -> 0.5133 | AA9: 0.9 | AB9: =IF($H9<>"OK","",ROUND(SUM(I9:S9),4)) -> 1.6502 | AC9: =IF($H9<>"OK","",ROUND(SUM(T9:Y9),4)) -> 0.0979 | AD9: =IF($H9<>"OK","",INDEX(個性タイプマスタ!$P$5:$P$54,$AE9)) -> 標準的な魔法型 | AE9: =IFERROR(MATCH(E9,個性タイプマスタ!$A$5:$A$54,0),0) -> 2 | AF9: =IFERROR(MATCH(F9,属性耐性マスタ!$A$5:$A$10,0),0) -> 3 | AG9: =IF(AE9=0,1,INDEX(個性タイプマスタ!$AB$5:$AB$54,AE9)) -> 9.952 | AH9: =IF(AE9=0,1,INDEX(個性タイプマスタ!$AC$5:$AC$54,AE9)) -> 1 | AI9: =IF(AE9=0,0,INDEX(個性タイプマスタ!$AD$5:$AD$54,AE9)) -> 0.93333333 | AJ9: 1 | AK9: =IF(OR(AJ9="",AJ9<1),"",POWER(使い方と設定!$E$6,AJ9-1)) -> 1
A10: =+[2]称号!A5 -> TITLE_004 | B10: =+[2]称号!B5 -> 紅蓮に吼える突進獣 | C10: MON_004 | D10: レッドボア | E10: =[1]モンスター計算!AM8 -> 近接・重撃 | F10: =[1]モンスター計算!C8 -> 火 | G10: 1.15 | H10: =IF(OR(E10="",F10=""),"未入力",IF(IFERROR(AND(ISNUMBER(AJ10),AJ10>=1,AJ10=INT(AJ10)),FALSE),IF(AE10=0,"タイプ未登録",IF(AF10=0,"属性未登録","OK")),"ステージ未設定")) -> OK | I10: =IF($H10<>"OK","",ROUND($G10*使い方と設定!$B$7*$AK10*INDEX(個性タイプマスタ!$Q$5:$AA$54,$AE10,1)/$AG10,4)) -> 0.2553 | J10: =IF($H10<>"OK","",ROUND($G10*使い方と設定!$B$7*$AK10*INDEX(個性タイプマスタ!$Q$5:$AA$54,$AE10,2)/$AG10,4)) -> 0.0704 | K10: =IF($H10<>"OK","",ROUND($G10*使い方と設定!$B$7*$AK10*INDEX(個性タイプマスタ!$Q$5:$AA$54,$AE10,3)/$AG10,4)) -> 0.4569 | L10: =IF($H10<>"OK","",ROUND($G10*使い方と設定!$B$7*$AK10*INDEX(個性タイプマスタ!$Q$5:$AA$54,$AE10,4)/$AG10,4)) -> 0.0297 | M10: =IF($H10<>"OK","",ROUND($G10*使い方と設定!$B$7*$AK10*INDEX(個性タイプマスタ!$Q$5:$AA$54,$AE10,5)/$AG10,4)) -> 0.1631 | N10: =IF($H10<>"OK","",ROUND($G10*使い方と設定!$B$7*$AK10*INDEX(個性タイプマスタ!$Q$5:$AA$54,$AE10,6)/$AG10,4)) -> 0.1367 | O10: =IF($H10<>"OK","",ROUND($G10*使い方と設定!$B$7*$AK10*INDEX(個性タイプマスタ!$Q$5:$AA$54,$AE10,7)/$AG10,4)) -> 0.1206 | P10: =IF($H10<>"OK","",ROUND($G10*使い方と設定!$B$7*$AK10*INDEX(個性タイプマスタ!$Q$5:$AA$54,$AE10,8)/$AG10,4)) -> 0.1703 | Q10: =IF($H10<>"OK","",ROUND($G10*使い方と設定!$B$7*$AK10*INDEX(個性タイプマスタ!$Q$5:$AA$54,$AE10,9)/$AG10,4)) -> 0.0663 | R10: =IF($H10<>"OK","",ROUND($G10*使い方と設定!$B$7*$AK10*INDEX(個性タイプマスタ!$Q$5:$AA$54,$AE10,10)/$AG10,4)) -> 0.0969 | S10: =IF($H10<>"OK","",ROUND($G10*使い方と設定!$B$7*$AK10*INDEX(個性タイプマスタ!$Q$5:$AA$54,$AE10,11)/$AG10,4)) -> 0.1587 | T10: =IF($H10<>"OK","",ROUND($G10*使い方と設定!$B$8*$AK10*$AH10*INDEX(属性耐性マスタ!$B$5:$G$10,$AF10,1),4)) -> 0.0621 | U10: =IF($H10<>"OK","",ROUND($G10*使い方と設定!$B$8*$AK10*$AH10*INDEX(属性耐性マスタ!$B$5:$G$10,$AF10,2),4)) -> 0.0124 | V10: =IF($H10<>"OK","",ROUND($G10*使い方と設定!$B$8*$AK10*$AH10*INDEX(属性耐性マスタ!$B$5:$G$10,$AF10,3),4)) -> 0.0041 | W10: =IF($H10<>"OK","",ROUND($G10*使い方と設定!$B$8*$AK10*$AH10*INDEX(属性耐性マスタ!$B$5:$G$10,$AF10,4),4)) -> 0.0041 | X10: =IF($H10<>"OK","",ROUND($G10*使い方と設定!$B$8*$AK10*$AH10*INDEX(属性耐性マスタ!$B$5:$G$10,$AF10,5),4)) -> 0.0031 | Y10: =IF($H10<>"OK","",ROUND($G10*使い方と設定!$B$8*$AK10*$AH10*INDEX(属性耐性マスタ!$B$5:$G$10,$AF10,6),4)) -> 0.0031 | Z10: =IF($H10<>"OK","",ROUND($G10*使い方と設定!$B$9*$AK10*$AI10,4)) -> 0.5031 | AA10: 0.55 | AB10: =IF($H10<>"OK","",ROUND(SUM(I10:S10),4)) -> 1.7249 | AC10: =IF($H10<>"OK","",ROUND(SUM(T10:Y10),4)) -> 0.0889 | AD10: =IF($H10<>"OK","",INDEX(個性タイプマスタ!$P$5:$P$54,$AE10)) -> 一撃重視の低速型 | AE10: =IFERROR(MATCH(E10,個性タイプマスタ!$A$5:$A$54,0),0) -> 33 | AF10: =IFERROR(MATCH(F10,属性耐性マスタ!$A$5:$A$10,0),0) -> 1 | AG10: =IF(AE10=0,1,INDEX(個性タイプマスタ!$AB$5:$AB$54,AE10)) -> 9.4376667 | AH10: =IF(AE10=0,1,INDEX(個性タイプマスタ!$AC$5:$AC$54,AE10)) -> 0.9 | AI10: =IF(AE10=0,0,INDEX(個性タイプマスタ!$AD$5:$AD$54,AE10)) -> 0.875 | AJ10: 1 | AK10: =IF(OR(AJ10="",AJ10<1),"",POWER(使い方と設定!$E$6,AJ10-1)) -> 1
A11: =+[2]称号!A6 -> TITLE_005 | B11: =+[2]称号!B6 -> 蒼氷を纏う沈黙の獣 | C11: MON_005 | D11: ブルーボア | E11: =[1]モンスター計算!AM9 -> 近接・長柄 | F11: =[1]モンスター計算!C9 -> 水 | G11: 1.2 | H11: =IF(OR(E11="",F11=""),"未入力",IF(IFERROR(AND(ISNUMBER(AJ11),AJ11>=1,AJ11=INT(AJ11)),FALSE),IF(AE11=0,"タイプ未登録",IF(AF11=0,"属性未登録","OK")),"ステージ未設定")) -> OK | I11: =IF($H11<>"OK","",ROUND($G11*使い方と設定!$B$7*$AK11*INDEX(個性タイプマスタ!$Q$5:$AA$54,$AE11,1)/$AG11,4)) -> 0.1835 | J11: =IF($H11<>"OK","",ROUND($G11*使い方と設定!$B$7*$AK11*INDEX(個性タイプマスタ!$Q$5:$AA$54,$AE11,2)/$AG11,4)) -> 0.0897 | K11: =IF($H11<>"OK","",ROUND($G11*使い方と設定!$B$7*$AK11*INDEX(個性タイプマスタ!$Q$5:$AA$54,$AE11,3)/$AG11,4)) -> 0.4533 | L11: =IF($H11<>"OK","",ROUND($G11*使い方と設定!$B$7*$AK11*INDEX(個性タイプマスタ!$Q$5:$AA$54,$AE11,4)/$AG11,4)) -> 0.0363 | M11: =IF($H11<>"OK","",ROUND($G11*使い方と設定!$B$7*$AK11*INDEX(個性タイプマスタ!$Q$5:$AA$54,$AE11,5)/$AG11,4)) -> 0.1418 | N11: =IF($H11<>"OK","",ROUND($G11*使い方と設定!$B$7*$AK11*INDEX(個性タイプマスタ!$Q$5:$AA$54,$AE11,6)/$AG11,4)) -> 0.131 | O11: =IF($H11<>"OK","",ROUND($G11*使い方と設定!$B$7*$AK11*INDEX(個性タイプマスタ!$Q$5:$AA$54,$AE11,7)/$AG11,4)) -> 0.1396 | P11: =IF($H11<>"OK","",ROUND($G11*使い方と設定!$B$7*$AK11*INDEX(個性タイプマスタ!$Q$5:$AA$54,$AE11,8)/$AG11,4)) -> 0.1257 | Q11: =IF($H11<>"OK","",ROUND($G11*使い方と設定!$B$7*$AK11*INDEX(個性タイプマスタ!$Q$5:$AA$54,$AE11,9)/$AG11,4)) -> 0.0977 | R11: =IF($H11<>"OK","",ROUND($G11*使い方と設定!$B$7*$AK11*INDEX(個性タイプマスタ!$Q$5:$AA$54,$AE11,10)/$AG11,4)) -> 0.1704 | S11: =IF($H11<>"OK","",ROUND($G11*使い方と設定!$B$7*$AK11*INDEX(個性タイプマスタ!$Q$5:$AA$54,$AE11,11)/$AG11,4)) -> 0.231 | T11: =IF($H11<>"OK","",ROUND($G11*使い方と設定!$B$8*$AK11*$AH11*INDEX(属性耐性マスタ!$B$5:$G$10,$AF11,1),4)) -> 0.0124 | U11: =IF($H11<>"OK","",ROUND($G11*使い方と設定!$B$8*$AK11*$AH11*INDEX(属性耐性マスタ!$B$5:$G$10,$AF11,2),4)) -> 0.0619 | V11: =IF($H11<>"OK","",ROUND($G11*使い方と設定!$B$8*$AK11*$AH11*INDEX(属性耐性マスタ!$B$5:$G$10,$AF11,3),4)) -> 0.0041 | W11: =IF($H11<>"OK","",ROUND($G11*使い方と設定!$B$8*$AK11*$AH11*INDEX(属性耐性マスタ!$B$5:$G$10,$AF11,4),4)) -> 0.0041 | X11: =IF($H11<>"OK","",ROUND($G11*使い方と設定!$B$8*$AK11*$AH11*INDEX(属性耐性マスタ!$B$5:$G$10,$AF11,5),4)) -> 0.0031 | Y11: =IF($H11<>"OK","",ROUND($G11*使い方と設定!$B$8*$AK11*$AH11*INDEX(属性耐性マスタ!$B$5:$G$10,$AF11,6),4)) -> 0.0031 | Z11: =IF($H11<>"OK","",ROUND($G11*使い方と設定!$B$9*$AK11*$AI11,4)) -> 0.605 | AA11: 0.5 | AB11: =IF($H11<>"OK","",ROUND(SUM(I11:S11),4)) -> 1.8 | AC11: =IF($H11<>"OK","",ROUND(SUM(T11:Y11),4)) -> 0.0887 | AD11: =IF($H11<>"OK","",INDEX(個性タイプマスタ!$P$5:$P$54,$AE11)) -> 攻撃範囲の広い近接 | AE11: =IFERROR(MATCH(E11,個性タイプマスタ!$A$5:$A$54,0),0) -> 40 | AF11: =IFERROR(MATCH(F11,属性耐性マスタ!$A$5:$A$10,0),0) -> 2 | AG11: =IF(AE11=0,1,INDEX(個性タイプマスタ!$AB$5:$AB$54,AE11)) -> 9.9278333 | AH11: =IF(AE11=0,1,INDEX(個性タイプマスタ!$AC$5:$AC$54,AE11)) -> 0.86 | AI11: =IF(AE11=0,0,INDEX(個性タイプマスタ!$AD$5:$AD$54,AE11)) -> 1.0083333 | AJ11: 1 | AK11: =IF(OR(AJ11="",AJ11<1),"",POWER(使い方と設定!$E$6,AJ11-1)) -> 1
A12: =+[2]称号!A7 -> TITLE_006 | B12: =+[2]称号!B7 -> 重なりし彩層の主 | C12: MON_006 | D12: スライムフォース | E12: =[1]モンスター計算!AM10 -> 魔法・重装砲 | F12: =[1]モンスター計算!C10 -> 光 | G12: 1.25 | H12: =IF(OR(E12="",F12=""),"未入力",IF(IFERROR(AND(ISNUMBER(AJ12),AJ12>=1,AJ12=INT(AJ12)),FALSE),IF(AE12=0,"タイプ未登録",IF(AF12=0,"属性未登録","OK")),"ステージ未設定")) -> OK | I12: =IF($H12<>"OK","",ROUND($G12*使い方と設定!$B$7*$AK12*INDEX(個性タイプマスタ!$Q$5:$AA$54,$AE12,1)/$AG12,4)) -> 0.3074 | J12: =IF($H12<>"OK","",ROUND($G12*使い方と設定!$B$7*$AK12*INDEX(個性タイプマスタ!$Q$5:$AA$54,$AE12,2)/$AG12,4)) -> 0.2413 | K12: =IF($H12<>"OK","",ROUND($G12*使い方と設定!$B$7*$AK12*INDEX(個性タイプマスタ!$Q$5:$AA$54,$AE12,3)/$AG12,4)) -> 0.0264 | L12: =IF($H12<>"OK","",ROUND($G12*使い方と設定!$B$7*$AK12*INDEX(個性タイプマスタ!$Q$5:$AA$54,$AE12,4)/$AG12,4)) -> 0.4062 | M12: =IF($H12<>"OK","",ROUND($G12*使い方と設定!$B$7*$AK12*INDEX(個性タイプマスタ!$Q$5:$AA$54,$AE12,5)/$AG12,4)) -> 0.2265 | N12: =IF($H12<>"OK","",ROUND($G12*使い方と設定!$B$7*$AK12*INDEX(個性タイプマスタ!$Q$5:$AA$54,$AE12,6)/$AG12,4)) -> 0.2141 | O12: =IF($H12<>"OK","",ROUND($G12*使い方と設定!$B$7*$AK12*INDEX(個性タイプマスタ!$Q$5:$AA$54,$AE12,7)/$AG12,4)) -> 0.0626 | P12: =IF($H12<>"OK","",ROUND($G12*使い方と設定!$B$7*$AK12*INDEX(個性タイプマスタ!$Q$5:$AA$54,$AE12,8)/$AG12,4)) -> 0.0986 | Q12: =IF($H12<>"OK","",ROUND($G12*使い方と設定!$B$7*$AK12*INDEX(個性タイプマスタ!$Q$5:$AA$54,$AE12,9)/$AG12,4)) -> 0.0536 | R12: =IF($H12<>"OK","",ROUND($G12*使い方と設定!$B$7*$AK12*INDEX(個性タイプマスタ!$Q$5:$AA$54,$AE12,10)/$AG12,4)) -> 0.0975 | S12: =IF($H12<>"OK","",ROUND($G12*使い方と設定!$B$7*$AK12*INDEX(個性タイプマスタ!$Q$5:$AA$54,$AE12,11)/$AG12,4)) -> 0.141 | T12: =IF($H12<>"OK","",ROUND($G12*使い方と設定!$B$8*$AK12*$AH12*INDEX(属性耐性マスタ!$B$5:$G$10,$AF12,1),4)) -> 0.0056 | U12: =IF($H12<>"OK","",ROUND($G12*使い方と設定!$B$8*$AK12*$AH12*INDEX(属性耐性マスタ!$B$5:$G$10,$AF12,2),4)) -> 0.0056 | V12: =IF($H12<>"OK","",ROUND($G12*使い方と設定!$B$8*$AK12*$AH12*INDEX(属性耐性マスタ!$B$5:$G$10,$AF12,3),4)) -> 0.0056 | W12: =IF($H12<>"OK","",ROUND($G12*使い方と設定!$B$8*$AK12*$AH12*INDEX(属性耐性マスタ!$B$5:$G$10,$AF12,4),4)) -> 0.0056 | X12: =IF($H12<>"OK","",ROUND($G12*使い方と設定!$B$8*$AK12*$AH12*INDEX(属性耐性マスタ!$B$5:$G$10,$AF12,5),4)) -> 0.111 | Y12: =IF($H12<>"OK","",ROUND($G12*使い方と設定!$B$8*$AK12*$AH12*INDEX(属性耐性マスタ!$B$5:$G$10,$AF12,6),4)) -> 0.0148 | Z12: =IF($H12<>"OK","",ROUND($G12*使い方と設定!$B$9*$AK12*$AI12,4)) -> 0.5313 | AA12: 0.25 | AB12: =IF($H12<>"OK","",ROUND(SUM(I12:S12),4)) -> 1.8752 | AC12: =IF($H12<>"OK","",ROUND(SUM(T12:Y12),4)) -> 0.1482 | AD12: =IF($H12<>"OK","",INDEX(個性タイプマスタ!$P$5:$P$54,$AE12)) -> 高耐久・射撃間隔は長い | AE12: =IFERROR(MATCH(E12,個性タイプマスタ!$A$5:$A$54,0),0) -> 19 | AF12: =IFERROR(MATCH(F12,属性耐性マスタ!$A$5:$A$10,0),0) -> 5 | AG12: =IF(AE12=0,1,INDEX(個性タイプマスタ!$AB$5:$AB$54,AE12)) -> 11.540667 | AH12: =IF(AE12=0,1,INDEX(個性タイプマスタ!$AC$5:$AC$54,AE12)) -> 1.48 | AI12: =IF(AE12=0,0,INDEX(個性タイプマスタ!$AD$5:$AD$54,AE12)) -> 0.85 | AJ12: 1 | AK12: =IF(OR(AJ12="",AJ12<1),"",POWER(使い方と設定!$E$6,AJ12-1)) -> 1
A13: =+[2]称号!A8 -> TITLE_007 | B13: =+[2]称号!B8 -> 緑影の小狩人 | C13: MON_007 | D13: ゴブリン | E13: =[1]モンスター計算!AM11 -> 魔法・魔防障壁 | F13: =[1]モンスター計算!C11 -> 風 | G13: 1 | H13: =IF(OR(E13="",F13=""),"未入力",IF(IFERROR(AND(ISNUMBER(AJ13),AJ13>=1,AJ13=INT(AJ13)),FALSE),IF(AE13=0,"タイプ未登録",IF(AF13=0,"属性未登録","OK")),"ステージ未設定")) -> OK | I13: =IF($H13<>"OK","",ROUND($G13*使い方と設定!$B$7*$AK13*INDEX(個性タイプマスタ!$Q$5:$AA$54,$AE13,1)/$AG13,4)) -> 0.1613 | J13: =IF($H13<>"OK","",ROUND($G13*使い方と設定!$B$7*$AK13*INDEX(個性タイプマスタ!$Q$5:$AA$54,$AE13,2)/$AG13,4)) -> 0.2664 | K13: =IF($H13<>"OK","",ROUND($G13*使い方と設定!$B$7*$AK13*INDEX(個性タイプマスタ!$Q$5:$AA$54,$AE13,3)/$AG13,4)) -> 0.0225 | L13: =IF($H13<>"OK","",ROUND($G13*使い方と設定!$B$7*$AK13*INDEX(個性タイプマスタ!$Q$5:$AA$54,$AE13,4)/$AG13,4)) -> 0.3459 | M13: =IF($H13<>"OK","",ROUND($G13*使い方と設定!$B$7*$AK13*INDEX(個性タイプマスタ!$Q$5:$AA$54,$AE13,5)/$AG13,4)) -> 0.0906 | N13: =IF($H13<>"OK","",ROUND($G13*使い方と設定!$B$7*$AK13*INDEX(個性タイプマスタ!$Q$5:$AA$54,$AE13,6)/$AG13,4)) -> 0.2411 | O13: =IF($H13<>"OK","",ROUND($G13*使い方と設定!$B$7*$AK13*INDEX(個性タイプマスタ!$Q$5:$AA$54,$AE13,7)/$AG13,4)) -> 0.0685 | P13: =IF($H13<>"OK","",ROUND($G13*使い方と設定!$B$7*$AK13*INDEX(個性タイプマスタ!$Q$5:$AA$54,$AE13,8)/$AG13,4)) -> 0.0869 | Q13: =IF($H13<>"OK","",ROUND($G13*使い方と設定!$B$7*$AK13*INDEX(個性タイプマスタ!$Q$5:$AA$54,$AE13,9)/$AG13,4)) -> 0.0578 | R13: =IF($H13<>"OK","",ROUND($G13*使い方と設定!$B$7*$AK13*INDEX(個性タイプマスタ!$Q$5:$AA$54,$AE13,10)/$AG13,4)) -> 0.1162 | S13: =IF($H13<>"OK","",ROUND($G13*使い方と設定!$B$7*$AK13*INDEX(個性タイプマスタ!$Q$5:$AA$54,$AE13,11)/$AG13,4)) -> 0.1027 | T13: =IF($H13<>"OK","",ROUND($G13*使い方と設定!$B$8*$AK13*$AH13*INDEX(属性耐性マスタ!$B$5:$G$10,$AF13,1),4)) -> 0.0057 | U13: =IF($H13<>"OK","",ROUND($G13*使い方と設定!$B$8*$AK13*$AH13*INDEX(属性耐性マスタ!$B$5:$G$10,$AF13,2),4)) -> 0.0057 | V13: =IF($H13<>"OK","",ROUND($G13*使い方と設定!$B$8*$AK13*$AH13*INDEX(属性耐性マスタ!$B$5:$G$10,$AF13,3),4)) -> 0.0849 | W13: =IF($H13<>"OK","",ROUND($G13*使い方と設定!$B$8*$AK13*$AH13*INDEX(属性耐性マスタ!$B$5:$G$10,$AF13,4),4)) -> 0.0212 | X13: =IF($H13<>"OK","",ROUND($G13*使い方と設定!$B$8*$AK13*$AH13*INDEX(属性耐性マスタ!$B$5:$G$10,$AF13,5),4)) -> 0.0042 | Y13: =IF($H13<>"OK","",ROUND($G13*使い方と設定!$B$8*$AK13*$AH13*INDEX(属性耐性マスタ!$B$5:$G$10,$AF13,6),4)) -> 0.0042 | Z13: =IF($H13<>"OK","",ROUND($G13*使い方と設定!$B$9*$AK13*$AI13,4)) -> 0.4767 | AA13: 1 | AB13: =IF($H13<>"OK","",ROUND(SUM(I13:S13),4)) -> 1.5599 | AC13: =IF($H13<>"OK","",ROUND(SUM(T13:Y13),4)) -> 0.1259 | AD13: =IF($H13<>"OK","",INDEX(個性タイプマスタ!$P$5:$P$54,$AE13)) -> 魔法防御に偏重した耐久型 | AE13: =IFERROR(MATCH(E13,個性タイプマスタ!$A$5:$A$54,0),0) -> 24 | AF13: =IFERROR(MATCH(F13,属性耐性マスタ!$A$5:$A$10,0),0) -> 3 | AG13: =IF(AE13=0,1,INDEX(個性タイプマスタ!$AB$5:$AB$54,AE13)) -> 11.273833 | AH13: =IF(AE13=0,1,INDEX(個性タイプマスタ!$AC$5:$AC$54,AE13)) -> 1.36 | AI13: =IF(AE13=0,0,INDEX(個性タイプマスタ!$AD$5:$AD$54,AE13)) -> 0.91666667 | AJ13: 2 | AK13: =IF(OR(AJ13="",AJ13<1),"",POWER(使い方と設定!$E$6,AJ13-1)) -> 1.04
A14: =+[2]称号!A9 -> TITLE_008 | B14: =+[2]称号!B9 -> 鉄刃の蛮戦士 | C14: MON_008 | D14: ゴブリンウォーリアー | E14: =[1]モンスター計算!AM12 -> 魔法・薄命結界 | F14: =[1]モンスター計算!C12 -> 火 | G14: 1.05 | H14: =IF(OR(E14="",F14=""),"未入力",IF(IFERROR(AND(ISNUMBER(AJ14),AJ14>=1,AJ14=INT(AJ14)),FALSE),IF(AE14=0,"タイプ未登録",IF(AF14=0,"属性未登録","OK")),"ステージ未設定")) -> OK | I14: =IF($H14<>"OK","",ROUND($G14*使い方と設定!$B$7*$AK14*INDEX(個性タイプマスタ!$Q$5:$AA$54,$AE14,1)/$AG14,4)) -> 0.0871 | J14: =IF($H14<>"OK","",ROUND($G14*使い方と設定!$B$7*$AK14*INDEX(個性タイプマスタ!$Q$5:$AA$54,$AE14,2)/$AG14,4)) -> 0.2374 | K14: =IF($H14<>"OK","",ROUND($G14*使い方と設定!$B$7*$AK14*INDEX(個性タイプマスタ!$Q$5:$AA$54,$AE14,3)/$AG14,4)) -> 0.0288 | L14: =IF($H14<>"OK","",ROUND($G14*使い方と設定!$B$7*$AK14*INDEX(個性タイプマスタ!$Q$5:$AA$54,$AE14,4)/$AG14,4)) -> 0.3597 | M14: =IF($H14<>"OK","",ROUND($G14*使い方と設定!$B$7*$AK14*INDEX(個性タイプマスタ!$Q$5:$AA$54,$AE14,5)/$AG14,4)) -> 0.1773 | N14: =IF($H14<>"OK","",ROUND($G14*使い方と設定!$B$7*$AK14*INDEX(個性タイプマスタ!$Q$5:$AA$54,$AE14,6)/$AG14,4)) -> 0.2752 | O14: =IF($H14<>"OK","",ROUND($G14*使い方と設定!$B$7*$AK14*INDEX(個性タイプマスタ!$Q$5:$AA$54,$AE14,7)/$AG14,4)) -> 0.0633 | P14: =IF($H14<>"OK","",ROUND($G14*使い方と設定!$B$7*$AK14*INDEX(個性タイプマスタ!$Q$5:$AA$54,$AE14,8)/$AG14,4)) -> 0.086 | Q14: =IF($H14<>"OK","",ROUND($G14*使い方と設定!$B$7*$AK14*INDEX(個性タイプマスタ!$Q$5:$AA$54,$AE14,9)/$AG14,4)) -> 0.0696 | R14: =IF($H14<>"OK","",ROUND($G14*使い方と設定!$B$7*$AK14*INDEX(個性タイプマスタ!$Q$5:$AA$54,$AE14,10)/$AG14,4)) -> 0.1266 | S14: =IF($H14<>"OK","",ROUND($G14*使い方と設定!$B$7*$AK14*INDEX(個性タイプマスタ!$Q$5:$AA$54,$AE14,11)/$AG14,4)) -> 0.1269 | T14: =IF($H14<>"OK","",ROUND($G14*使い方と設定!$B$8*$AK14*$AH14*INDEX(属性耐性マスタ!$B$5:$G$10,$AF14,1),4)) -> 0.0983 | U14: =IF($H14<>"OK","",ROUND($G14*使い方と設定!$B$8*$AK14*$AH14*INDEX(属性耐性マスタ!$B$5:$G$10,$AF14,2),4)) -> 0.0197 | V14: =IF($H14<>"OK","",ROUND($G14*使い方と設定!$B$8*$AK14*$AH14*INDEX(属性耐性マスタ!$B$5:$G$10,$AF14,3),4)) -> 0.0066 | W14: =IF($H14<>"OK","",ROUND($G14*使い方と設定!$B$8*$AK14*$AH14*INDEX(属性耐性マスタ!$B$5:$G$10,$AF14,4),4)) -> 0.0066 | X14: =IF($H14<>"OK","",ROUND($G14*使い方と設定!$B$8*$AK14*$AH14*INDEX(属性耐性マスタ!$B$5:$G$10,$AF14,5),4)) -> 0.0049 | Y14: =IF($H14<>"OK","",ROUND($G14*使い方と設定!$B$8*$AK14*$AH14*INDEX(属性耐性マスタ!$B$5:$G$10,$AF14,6),4)) -> 0.0049 | Z14: =IF($H14<>"OK","",ROUND($G14*使い方と設定!$B$9*$AK14*$AI14,4)) -> 0.5278 | AA14: 1 | AB14: =IF($H14<>"OK","",ROUND(SUM(I14:S14),4)) -> 1.6379 | AC14: =IF($H14<>"OK","",ROUND(SUM(T14:Y14),4)) -> 0.141 | AD14: =IF($H14<>"OK","",INDEX(個性タイプマスタ!$P$5:$P$54,$AE14)) -> 低HPだが防御・耐性が高い極端な守護型 | AE14: =IFERROR(MATCH(E14,個性タイプマスタ!$A$5:$A$54,0),0) -> 31 | AF14: =IFERROR(MATCH(F14,属性耐性マスタ!$A$5:$A$10,0),0) -> 1 | AG14: =IF(AE14=0,1,INDEX(個性タイプマスタ!$AB$5:$AB$54,AE14)) -> 11.384 | AH14: =IF(AE14=0,1,INDEX(個性タイプマスタ!$AC$5:$AC$54,AE14)) -> 1.5 | AI14: =IF(AE14=0,0,INDEX(個性タイプマスタ!$AD$5:$AD$54,AE14)) -> 0.96666667 | AJ14: 2 | AK14: =IF(OR(AJ14="",AJ14<1),"",POWER(使い方と設定!$E$6,AJ14-1)) -> 1.04
A15: =+[2]称号!A10 -> TITLE_009 | B15: =+[2]称号!B10 -> 呪紋の邪術士 | C15: MON_009 | D15: ゴブリンメイジ | E15: =[1]モンスター計算!AM13 -> 魔法・支援 | F15: =[1]モンスター計算!C13 -> 雷 | G15: 1.1 | H15: =IF(OR(E15="",F15=""),"未入力",IF(IFERROR(AND(ISNUMBER(AJ15),AJ15>=1,AJ15=INT(AJ15)),FALSE),IF(AE15=0,"タイプ未登録",IF(AF15=0,"属性未登録","OK")),"ステージ未設定")) -> OK | I15: =IF($H15<>"OK","",ROUND($G15*使い方と設定!$B$7*$AK15*INDEX(個性タイプマスタ!$Q$5:$AA$54,$AE15,1)/$AG15,4)) -> 0.1748 | J15: =IF($H15<>"OK","",ROUND($G15*使い方と設定!$B$7*$AK15*INDEX(個性タイプマスタ!$Q$5:$AA$54,$AE15,2)/$AG15,4)) -> 0.2535 | K15: =IF($H15<>"OK","",ROUND($G15*使い方と設定!$B$7*$AK15*INDEX(個性タイプマスタ!$Q$5:$AA$54,$AE15,3)/$AG15,4)) -> 0.0397 | L15: =IF($H15<>"OK","",ROUND($G15*使い方と設定!$B$7*$AK15*INDEX(個性タイプマスタ!$Q$5:$AA$54,$AE15,4)/$AG15,4)) -> 0.3973 | M15: =IF($H15<>"OK","",ROUND($G15*使い方と設定!$B$7*$AK15*INDEX(個性タイプマスタ!$Q$5:$AA$54,$AE15,5)/$AG15,4)) -> 0.1351 | N15: =IF($H15<>"OK","",ROUND($G15*使い方と設定!$B$7*$AK15*INDEX(個性タイプマスタ!$Q$5:$AA$54,$AE15,6)/$AG15,4)) -> 0.1621 | O15: =IF($H15<>"OK","",ROUND($G15*使い方と設定!$B$7*$AK15*INDEX(個性タイプマスタ!$Q$5:$AA$54,$AE15,7)/$AG15,4)) -> 0.1049 | P15: =IF($H15<>"OK","",ROUND($G15*使い方と設定!$B$7*$AK15*INDEX(個性タイプマスタ!$Q$5:$AA$54,$AE15,8)/$AG15,4)) -> 0.0964 | Q15: =IF($H15<>"OK","",ROUND($G15*使い方と設定!$B$7*$AK15*INDEX(個性タイプマスタ!$Q$5:$AA$54,$AE15,9)/$AG15,4)) -> 0.0734 | R15: =IF($H15<>"OK","",ROUND($G15*使い方と設定!$B$7*$AK15*INDEX(個性タイプマスタ!$Q$5:$AA$54,$AE15,10)/$AG15,4)) -> 0.151 | S15: =IF($H15<>"OK","",ROUND($G15*使い方と設定!$B$7*$AK15*INDEX(個性タイプマスタ!$Q$5:$AA$54,$AE15,11)/$AG15,4)) -> 0.1279 | T15: =IF($H15<>"OK","",ROUND($G15*使い方と設定!$B$8*$AK15*$AH15*INDEX(属性耐性マスタ!$B$5:$G$10,$AF15,1),4)) -> 0.0051 | U15: =IF($H15<>"OK","",ROUND($G15*使い方と設定!$B$8*$AK15*$AH15*INDEX(属性耐性マスタ!$B$5:$G$10,$AF15,2),4)) -> 0.0051 | V15: =IF($H15<>"OK","",ROUND($G15*使い方と設定!$B$8*$AK15*$AH15*INDEX(属性耐性マスタ!$B$5:$G$10,$AF15,3),4)) -> 0.0192 | W15: =IF($H15<>"OK","",ROUND($G15*使い方と設定!$B$8*$AK15*$AH15*INDEX(属性耐性マスタ!$B$5:$G$10,$AF15,4),4)) -> 0.0769 | X15: =IF($H15<>"OK","",ROUND($G15*使い方と設定!$B$8*$AK15*$AH15*INDEX(属性耐性マスタ!$B$5:$G$10,$AF15,5),4)) -> 0.0038 | Y15: =IF($H15<>"OK","",ROUND($G15*使い方と設定!$B$8*$AK15*$AH15*INDEX(属性耐性マスタ!$B$5:$G$10,$AF15,6),4)) -> 0.0038 | Z15: =IF($H15<>"OK","",ROUND($G15*使い方と設定!$B$9*$AK15*$AI15,4)) -> 0.5434 | AA15: 0.9 | AB15: =IF($H15<>"OK","",ROUND(SUM(I15:S15),4)) -> 1.7161 | AC15: =IF($H15<>"OK","",ROUND(SUM(T15:Y15),4)) -> 0.1139 | AD15: =IF($H15<>"OK","",INDEX(個性タイプマスタ!$P$5:$P$54,$AE15)) -> MPと魔防寄りの支援型 | AE15: =IFERROR(MATCH(E15,個性タイプマスタ!$A$5:$A$54,0),0) -> 10 | AF15: =IFERROR(MATCH(F15,属性耐性マスタ!$A$5:$A$10,0),0) -> 4 | AG15: =IF(AE15=0,1,INDEX(個性タイプマスタ!$AB$5:$AB$54,AE15)) -> 10.798667 | AH15: =IF(AE15=0,1,INDEX(個性タイプマスタ!$AC$5:$AC$54,AE15)) -> 1.12 | AI15: =IF(AE15=0,0,INDEX(個性タイプマスタ!$AD$5:$AD$54,AE15)) -> 0.95 | AJ15: 2 | AK15: =IF(OR(AJ15="",AJ15<1),"",POWER(使い方と設定!$E$6,AJ15-1)) -> 1.04
A16: =+[2]称号!A11 -> TITLE_010 | B16: =+[2]称号!B11 -> 肥大せし凶腕 | C16: MON_010 | D16: ボブゴブリン | E16: =[1]モンスター計算!AM14 -> 近接・耐性鎧 | F16: =[1]モンスター計算!C14 -> 雷 | G16: 1.15 | H16: =IF(OR(E16="",F16=""),"未入力",IF(IFERROR(AND(ISNUMBER(AJ16),AJ16>=1,AJ16=INT(AJ16)),FALSE),IF(AE16=0,"タイプ未登録",IF(AF16=0,"属性未登録","OK")),"ステージ未設定")) -> OK | I16: =IF($H16<>"OK","",ROUND($G16*使い方と設定!$B$7*$AK16*INDEX(個性タイプマスタ!$Q$5:$AA$54,$AE16,1)/$AG16,4)) -> 0.2434 | J16: =IF($H16<>"OK","",ROUND($G16*使い方と設定!$B$7*$AK16*INDEX(個性タイプマスタ!$Q$5:$AA$54,$AE16,2)/$AG16,4)) -> 0.1083 | K16: =IF($H16<>"OK","",ROUND($G16*使い方と設定!$B$7*$AK16*INDEX(個性タイプマスタ!$Q$5:$AA$54,$AE16,3)/$AG16,4)) -> 0.4688 | L16: =IF($H16<>"OK","",ROUND($G16*使い方と設定!$B$7*$AK16*INDEX(個性タイプマスタ!$Q$5:$AA$54,$AE16,4)/$AG16,4)) -> 0.0328 | M16: =IF($H16<>"OK","",ROUND($G16*使い方と設定!$B$7*$AK16*INDEX(個性タイプマスタ!$Q$5:$AA$54,$AE16,5)/$AG16,4)) -> 0.1817 | N16: =IF($H16<>"OK","",ROUND($G16*使い方と設定!$B$7*$AK16*INDEX(個性タイプマスタ!$Q$5:$AA$54,$AE16,6)/$AG16,4)) -> 0.1817 | O16: =IF($H16<>"OK","",ROUND($G16*使い方と設定!$B$7*$AK16*INDEX(個性タイプマスタ!$Q$5:$AA$54,$AE16,7)/$AG16,4)) -> 0.0825 | P16: =IF($H16<>"OK","",ROUND($G16*使い方と設定!$B$7*$AK16*INDEX(個性タイプマスタ!$Q$5:$AA$54,$AE16,8)/$AG16,4)) -> 0.1162 | Q16: =IF($H16<>"OK","",ROUND($G16*使い方と設定!$B$7*$AK16*INDEX(個性タイプマスタ!$Q$5:$AA$54,$AE16,9)/$AG16,4)) -> 0.0887 | R16: =IF($H16<>"OK","",ROUND($G16*使い方と設定!$B$7*$AK16*INDEX(個性タイプマスタ!$Q$5:$AA$54,$AE16,10)/$AG16,4)) -> 0.165 | S16: =IF($H16<>"OK","",ROUND($G16*使い方と設定!$B$7*$AK16*INDEX(個性タイプマスタ!$Q$5:$AA$54,$AE16,11)/$AG16,4)) -> 0.1247 | T16: =IF($H16<>"OK","",ROUND($G16*使い方と設定!$B$8*$AK16*$AH16*INDEX(属性耐性マスタ!$B$5:$G$10,$AF16,1),4)) -> 0.0072 | U16: =IF($H16<>"OK","",ROUND($G16*使い方と設定!$B$8*$AK16*$AH16*INDEX(属性耐性マスタ!$B$5:$G$10,$AF16,2),4)) -> 0.0072 | V16: =IF($H16<>"OK","",ROUND($G16*使い方と設定!$B$8*$AK16*$AH16*INDEX(属性耐性マスタ!$B$5:$G$10,$AF16,3),4)) -> 0.0269 | W16: =IF($H16<>"OK","",ROUND($G16*使い方と設定!$B$8*$AK16*$AH16*INDEX(属性耐性マスタ!$B$5:$G$10,$AF16,4),4)) -> 0.1076 | X16: =IF($H16<>"OK","",ROUND($G16*使い方と設定!$B$8*$AK16*$AH16*INDEX(属性耐性マスタ!$B$5:$G$10,$AF16,5),4)) -> 0.0054 | Y16: =IF($H16<>"OK","",ROUND($G16*使い方と設定!$B$8*$AK16*$AH16*INDEX(属性耐性マスタ!$B$5:$G$10,$AF16,6),4)) -> 0.0054 | Z16: =IF($H16<>"OK","",ROUND($G16*使い方と設定!$B$9*$AK16*$AI16,4)) -> 0.5731 | AA16: 0.55 | AB16: =IF($H16<>"OK","",ROUND(SUM(I16:S16),4)) -> 1.7938 | AC16: =IF($H16<>"OK","",ROUND(SUM(T16:Y16),4)) -> 0.1597 | AD16: =IF($H16<>"OK","",INDEX(個性タイプマスタ!$P$5:$P$54,$AE16)) -> 属性耐性重視の堅実型 | AE16: =IFERROR(MATCH(E16,個性タイプマスタ!$A$5:$A$54,0),0) -> 39 | AF16: =IFERROR(MATCH(F16,属性耐性マスタ!$A$5:$A$10,0),0) -> 4 | AG16: =IF(AE16=0,1,INDEX(個性タイプマスタ!$AB$5:$AB$54,AE16)) -> 9.5661667 | AH16: =IF(AE16=0,1,INDEX(個性タイプマスタ!$AC$5:$AC$54,AE16)) -> 1.5 | AI16: =IF(AE16=0,0,INDEX(個性タイプマスタ!$AD$5:$AD$54,AE16)) -> 0.95833333 | AJ16: 2 | AK16: =IF(OR(AJ16="",AJ16<1),"",POWER(使い方と設定!$E$6,AJ16-1)) -> 1.04
A17: =+[2]称号!A12 -> TITLE_011 | B17: =+[2]称号!B12 -> 錬成されし粘塊 | C17: MON_011 | D17: マテリアスライム | E17: =[1]モンスター計算!AM15 -> 近接・会心 | F17: =[1]モンスター計算!C15 -> 雷 | G17: 1.2 | H17: =IF(OR(E17="",F17=""),"未入力",IF(IFERROR(AND(ISNUMBER(AJ17),AJ17>=1,AJ17=INT(AJ17)),FALSE),IF(AE17=0,"タイプ未登録",IF(AF17=0,"属性未登録","OK")),"ステージ未設定")) -> OK | I17: =IF($H17<>"OK","",ROUND($G17*使い方と設定!$B$7*$AK17*INDEX(個性タイプマスタ!$Q$5:$AA$54,$AE17,1)/$AG17,4)) -> 0.1543 | J17: =IF($H17<>"OK","",ROUND($G17*使い方と設定!$B$7*$AK17*INDEX(個性タイプマスタ!$Q$5:$AA$54,$AE17,2)/$AG17,4)) -> 0.0639 | K17: =IF($H17<>"OK","",ROUND($G17*使い方と設定!$B$7*$AK17*INDEX(個性タイプマスタ!$Q$5:$AA$54,$AE17,3)/$AG17,4)) -> 0.4031 | L17: =IF($H17<>"OK","",ROUND($G17*使い方と設定!$B$7*$AK17*INDEX(個性タイプマスタ!$Q$5:$AA$54,$AE17,4)/$AG17,4)) -> 0.0262 | M17: =IF($H17<>"OK","",ROUND($G17*使い方と設定!$B$7*$AK17*INDEX(個性タイプマスタ!$Q$5:$AA$54,$AE17,5)/$AG17,4)) -> 0.1179 | N17: =IF($H17<>"OK","",ROUND($G17*使い方と設定!$B$7*$AK17*INDEX(個性タイプマスタ!$Q$5:$AA$54,$AE17,6)/$AG17,4)) -> 0.1055 | O17: =IF($H17<>"OK","",ROUND($G17*使い方と設定!$B$7*$AK17*INDEX(個性タイプマスタ!$Q$5:$AA$54,$AE17,7)/$AG17,4)) -> 0.4789 | P17: =IF($H17<>"OK","",ROUND($G17*使い方と設定!$B$7*$AK17*INDEX(個性タイプマスタ!$Q$5:$AA$54,$AE17,8)/$AG17,4)) -> 0.1418 | Q17: =IF($H17<>"OK","",ROUND($G17*使い方と設定!$B$7*$AK17*INDEX(個性タイプマスタ!$Q$5:$AA$54,$AE17,9)/$AG17,4)) -> 0.0976 | R17: =IF($H17<>"OK","",ROUND($G17*使い方と設定!$B$7*$AK17*INDEX(個性タイプマスタ!$Q$5:$AA$54,$AE17,10)/$AG17,4)) -> 0.1677 | S17: =IF($H17<>"OK","",ROUND($G17*使い方と設定!$B$7*$AK17*INDEX(個性タイプマスタ!$Q$5:$AA$54,$AE17,11)/$AG17,4)) -> 0.1151 | T17: =IF($H17<>"OK","",ROUND($G17*使い方と設定!$B$8*$AK17*$AH17*INDEX(属性耐性マスタ!$B$5:$G$10,$AF17,1),4)) -> 0.0038 | U17: =IF($H17<>"OK","",ROUND($G17*使い方と設定!$B$8*$AK17*$AH17*INDEX(属性耐性マスタ!$B$5:$G$10,$AF17,2),4)) -> 0.0038 | V17: =IF($H17<>"OK","",ROUND($G17*使い方と設定!$B$8*$AK17*$AH17*INDEX(属性耐性マスタ!$B$5:$G$10,$AF17,3),4)) -> 0.0142 | W17: =IF($H17<>"OK","",ROUND($G17*使い方と設定!$B$8*$AK17*$AH17*INDEX(属性耐性マスタ!$B$5:$G$10,$AF17,4),4)) -> 0.0569 | X17: =IF($H17<>"OK","",ROUND($G17*使い方と設定!$B$8*$AK17*$AH17*INDEX(属性耐性マスタ!$B$5:$G$10,$AF17,5),4)) -> 0.0028 | Y17: =IF($H17<>"OK","",ROUND($G17*使い方と設定!$B$8*$AK17*$AH17*INDEX(属性耐性マスタ!$B$5:$G$10,$AF17,6),4)) -> 0.0028 | Z17: =IF($H17<>"OK","",ROUND($G17*使い方と設定!$B$9*$AK17*$AI17,4)) -> 0.6604 | AA17: 0.5 | AB17: =IF($H17<>"OK","",ROUND(SUM(I17:S17),4)) -> 1.872 | AC17: =IF($H17<>"OK","",ROUND(SUM(T17:Y17),4)) -> 0.0843 | AD17: =IF($H17<>"OK","",INDEX(個性タイプマスタ!$P$5:$P$54,$AE17)) -> クリティカル確率に特化 | AE17: =IFERROR(MATCH(E17,個性タイプマスタ!$A$5:$A$54,0),0) -> 46 | AF17: =IFERROR(MATCH(F17,属性耐性マスタ!$A$5:$A$10,0),0) -> 4 | AG17: =IF(AE17=0,1,INDEX(個性タイプマスタ!$AB$5:$AB$54,AE17)) -> 11.609667 | AH17: =IF(AE17=0,1,INDEX(個性タイプマスタ!$AC$5:$AC$54,AE17)) -> 0.76 | AI17: =IF(AE17=0,0,INDEX(個性タイプマスタ!$AD$5:$AD$54,AE17)) -> 1.0583333 | AJ17: 2 | AK17: =IF(OR(AJ17="",AJ17<1),"",POWER(使い方と設定!$E$6,AJ17-1)) -> 1.04
A18: =+[2]称号!A13 -> TITLE_012 | B18: =+[2]称号!B13 -> 王冠を戴く略奪王 | C18: MON_012 | D18: ゴブリンキング | E18: =[1]モンスター計算!AM16 -> 魔法・速攻 | F18: =[1]モンスター計算!C16 -> 闇 | G18: 1.25 | H18: =IF(OR(E18="",F18=""),"未入力",IF(IFERROR(AND(ISNUMBER(AJ18),AJ18>=1,AJ18=INT(AJ18)),FALSE),IF(AE18=0,"タイプ未登録",IF(AF18=0,"属性未登録","OK")),"ステージ未設定")) -> OK | I18: =IF($H18<>"OK","",ROUND($G18*使い方と設定!$B$7*$AK18*INDEX(個性タイプマスタ!$Q$5:$AA$54,$AE18,1)/$AG18,4)) -> 0.2022 | J18: =IF($H18<>"OK","",ROUND($G18*使い方と設定!$B$7*$AK18*INDEX(個性タイプマスタ!$Q$5:$AA$54,$AE18,2)/$AG18,4)) -> 0.2225 | K18: =IF($H18<>"OK","",ROUND($G18*使い方と設定!$B$7*$AK18*INDEX(個性タイプマスタ!$Q$5:$AA$54,$AE18,3)/$AG18,4)) -> 0.046 | L18: =IF($H18<>"OK","",ROUND($G18*使い方と設定!$B$7*$AK18*INDEX(個性タイプマスタ!$Q$5:$AA$54,$AE18,4)/$AG18,4)) -> 0.4596 | M18: =IF($H18<>"OK","",ROUND($G18*使い方と設定!$B$7*$AK18*INDEX(個性タイプマスタ!$Q$5:$AA$54,$AE18,5)/$AG18,4)) -> 0.1485 | N18: =IF($H18<>"OK","",ROUND($G18*使い方と設定!$B$7*$AK18*INDEX(個性タイプマスタ!$Q$5:$AA$54,$AE18,6)/$AG18,4)) -> 0.1719 | O18: =IF($H18<>"OK","",ROUND($G18*使い方と設定!$B$7*$AK18*INDEX(個性タイプマスタ!$Q$5:$AA$54,$AE18,7)/$AG18,4)) -> 0.1416 | P18: =IF($H18<>"OK","",ROUND($G18*使い方と設定!$B$7*$AK18*INDEX(個性タイプマスタ!$Q$5:$AA$54,$AE18,8)/$AG18,4)) -> 0.1235 | Q18: =IF($H18<>"OK","",ROUND($G18*使い方と設定!$B$7*$AK18*INDEX(個性タイプマスタ!$Q$5:$AA$54,$AE18,9)/$AG18,4)) -> 0.093 | R18: =IF($H18<>"OK","",ROUND($G18*使い方と設定!$B$7*$AK18*INDEX(個性タイプマスタ!$Q$5:$AA$54,$AE18,10)/$AG18,4)) -> 0.2022 | S18: =IF($H18<>"OK","",ROUND($G18*使い方と設定!$B$7*$AK18*INDEX(個性タイプマスタ!$Q$5:$AA$54,$AE18,11)/$AG18,4)) -> 0.139 | T18: =IF($H18<>"OK","",ROUND($G18*使い方と設定!$B$8*$AK18*$AH18*INDEX(属性耐性マスタ!$B$5:$G$10,$AF18,1),4)) -> 0.0034 | U18: =IF($H18<>"OK","",ROUND($G18*使い方と設定!$B$8*$AK18*$AH18*INDEX(属性耐性マスタ!$B$5:$G$10,$AF18,2),4)) -> 0.0034 | V18: =IF($H18<>"OK","",ROUND($G18*使い方と設定!$B$8*$AK18*$AH18*INDEX(属性耐性マスタ!$B$5:$G$10,$AF18,3),4)) -> 0.0034 | W18: =IF($H18<>"OK","",ROUND($G18*使い方と設定!$B$8*$AK18*$AH18*INDEX(属性耐性マスタ!$B$5:$G$10,$AF18,4),4)) -> 0.0034 | X18: =IF($H18<>"OK","",ROUND($G18*使い方と設定!$B$8*$AK18*$AH18*INDEX(属性耐性マスタ!$B$5:$G$10,$AF18,5),4)) -> 0.0092 | Y18: =IF($H18<>"OK","",ROUND($G18*使い方と設定!$B$8*$AK18*$AH18*INDEX(属性耐性マスタ!$B$5:$G$10,$AF18,6),4)) -> 0.0686 | Z18: =IF($H18<>"OK","",ROUND($G18*使い方と設定!$B$9*$AK18*$AI18,4)) -> 0.6392 | AA18: 0.25 | AB18: =IF($H18<>"OK","",ROUND(SUM(I18:S18),4)) -> 1.95 | AC18: =IF($H18<>"OK","",ROUND(SUM(T18:Y18),4)) -> 0.0914 | AD18: =IF($H18<>"OK","",INDEX(個性タイプマスタ!$P$5:$P$54,$AE18)) -> 高速の魔法型。攻速と射程が優秀 | AE18: =IFERROR(MATCH(E18,個性タイプマスタ!$A$5:$A$54,0),0) -> 3 | AF18: =IFERROR(MATCH(F18,属性耐性マスタ!$A$5:$A$10,0),0) -> 6 | AG18: =IF(AE18=0,1,INDEX(個性タイプマスタ!$AB$5:$AB$54,AE18)) -> 10.606167 | AH18: =IF(AE18=0,1,INDEX(個性タイプマスタ!$AC$5:$AC$54,AE18)) -> 0.88 | AI18: =IF(AE18=0,0,INDEX(個性タイプマスタ!$AD$5:$AD$54,AE18)) -> 0.98333333 | AJ18: 2 | AK18: =IF(OR(AJ18="",AJ18<1),"",POWER(使い方と設定!$E$6,AJ18-1)) -> 1.04
... A372: =+[2]称号!A367 -> TITLE_366 | B372: =+[2]称号!B367 -> 終晶を超越せし者 | C372: MON_366 | D372: アステルヴェイン | E372: =[1]モンスター計算!AM370 -> 魔法・支援 | F372: =[1]モンスター計算!C370 -> 風 | G372: 1.25 | H372: =IF(OR(E372="",F372=""),"未入力",IF(IFERROR(AND(ISNUMBER(AJ372),AJ372>=1,AJ372=INT(AJ372)),FALSE),IF(AE372=0,"タイプ未登録",IF(AF372=0,"属性未登録","OK")),"ステージ未設定")) -> OK | I372: =IF($H372<>"OK","",ROUND($G372*使い方と設定!$B$7*$AK372*INDEX(個性タイプマスタ!$Q$5:$AA$54,$AE372,1)/$AG372,4)) -> 2.0092 | J372: =IF($H372<>"OK","",ROUND($G372*使い方と設定!$B$7*$AK372*INDEX(個性タイプマスタ!$Q$5:$AA$54,$AE372,2)/$AG372,4)) -> 2.9133 | K372: =IF($H372<>"OK","",ROUND($G372*使い方と設定!$B$7*$AK372*INDEX(個性タイプマスタ!$Q$5:$AA$54,$AE372,3)/$AG372,4)) -> 0.4566 | L372: =IF($H372<>"OK","",ROUND($G372*使い方と設定!$B$7*$AK372*INDEX(個性タイプマスタ!$Q$5:$AA$54,$AE372,4)/$AG372,4)) -> 4.5664 | M372: =IF($H372<>"OK","",ROUND($G372*使い方と設定!$B$7*$AK372*INDEX(個性タイプマスタ!$Q$5:$AA$54,$AE372,5)/$AG372,4)) -> 1.5526 | N372: =IF($H372<>"OK","",ROUND($G372*使い方と設定!$B$7*$AK372*INDEX(個性タイプマスタ!$Q$5:$AA$54,$AE372,6)/$AG372,4)) -> 1.8631 | O372: =IF($H372<>"OK","",ROUND($G372*使い方と設定!$B$7*$AK372*INDEX(個性タイプマスタ!$Q$5:$AA$54,$AE372,7)/$AG372,4)) -> 1.2055 | P372: =IF($H372<>"OK","",ROUND($G372*使い方と設定!$B$7*$AK372*INDEX(個性タイプマスタ!$Q$5:$AA$54,$AE372,8)/$AG372,4)) -> 1.1081 | Q372: =IF($H372<>"OK","",ROUND($G372*使い方と設定!$B$7*$AK372*INDEX(個性タイプマスタ!$Q$5:$AA$54,$AE372,9)/$AG372,4)) -> 0.8439 | R372: =IF($H372<>"OK","",ROUND($G372*使い方と設定!$B$7*$AK372*INDEX(個性タイプマスタ!$Q$5:$AA$54,$AE372,10)/$AG372,4)) -> 1.7352 | S372: =IF($H372<>"OK","",ROUND($G372*使い方と設定!$B$7*$AK372*INDEX(個性タイプマスタ!$Q$5:$AA$54,$AE372,11)/$AG372,4)) -> 1.4704 | T372: =IF($H372<>"OK","",ROUND($G372*使い方と設定!$B$8*$AK372*$AH372*INDEX(属性耐性マスタ!$B$5:$G$10,$AF372,1),4)) -> 0.0589 | U372: =IF($H372<>"OK","",ROUND($G372*使い方と設定!$B$8*$AK372*$AH372*INDEX(属性耐性マスタ!$B$5:$G$10,$AF372,2),4)) -> 0.0589 | V372: =IF($H372<>"OK","",ROUND($G372*使い方と設定!$B$8*$AK372*$AH372*INDEX(属性耐性マスタ!$B$5:$G$10,$AF372,3),4)) -> 0.8836 | W372: =IF($H372<>"OK","",ROUND($G372*使い方と設定!$B$8*$AK372*$AH372*INDEX(属性耐性マスタ!$B$5:$G$10,$AF372,4),4)) -> 0.2209 | X372: =IF($H372<>"OK","",ROUND($G372*使い方と設定!$B$8*$AK372*$AH372*INDEX(属性耐性マスタ!$B$5:$G$10,$AF372,5),4)) -> 0.0442 | Y372: =IF($H372<>"OK","",ROUND($G372*使い方と設定!$B$8*$AK372*$AH372*INDEX(属性耐性マスタ!$B$5:$G$10,$AF372,6),4)) -> 0.0442 | Z372: =IF($H372<>"OK","",ROUND($G372*使い方と設定!$B$9*$AK372*$AI372,4)) -> 6.246 | AA372: 0.9 | AB372: =IF($H372<>"OK","",ROUND(SUM(I372:S372),4)) -> 19.7243 | AC372: =IF($H372<>"OK","",ROUND(SUM(T372:Y372),4)) -> 1.3107 | AD372: =IF($H372<>"OK","",INDEX(個性タイプマスタ!$P$5:$P$54,$AE372)) -> MPと魔防寄りの支援型 | AE372: =IFERROR(MATCH(E372,個性タイプマスタ!$A$5:$A$54,0),0) -> 10 | AF372: =IFERROR(MATCH(F372,属性耐性マスタ!$A$5:$A$10,0),0) -> 3 | AG372: =IF(AE372=0,1,INDEX(個性タイプマスタ!$AB$5:$AB$54,AE372)) -> 10.798667 | AH372: =IF(AE372=0,1,INDEX(個性タイプマスタ!$AC$5:$AC$54,AE372)) -> 1.12 | AI372: =IF(AE372=0,0,INDEX(個性タイプマスタ!$AD$5:$AD$54,AE372)) -> 0.95 | AJ372: 61 | AK372: =IF(OR(AJ372="",AJ372<1),"",POWER(使い方と設定!$E$6,AJ372-1)) -> 10.519627

Sheet 個性タイプマスタ
A1: TYPE MASTER | 50個性タイプから称号補正を決定
A3: A～Pはモンスター版の元50タイプ設定。Q～ADが称号用計算です。
A4: 個性タイプ | B4: 攻撃方式 | C4: HP倍率 | D4: 物防倍率 | E4: 魔防倍率 | F4: 攻速倍率 | G4: 射程倍率 | H4: 親密Lv1比 | I4: クリ率 | J4: クリ倍 | K4: 移動速度 | L4: 耐性一律補正 | M4: 索敵倍率 | N4: MP倍率 | O4: 副攻撃倍率 | P4: 設計メモ | Q4: 称号HP重み | R4: 称号MP重み | S4: 称号攻撃重み | T4: 称号魔力重み | U4: 称号物防重み | V4: 称号魔防重み | W4: 称号クリ率重み | X4: 称号クリ倍重み | Y4: 称号移動重み | Z4: 称号攻速重み | AA4: 称号射程重み | AB4: 重み合計 | AC4: 称号耐性倍率 | AD4: 称号素材適性
A5: 魔法・軽量 | B5: Ranged | C5: 0.82 | D5: 0.85 | E5: 1 | F5: 1 | G5: 1 | H5: 0.68 | I5: 0.05 | J5: 1.5 | K5: 2 | L5: -0.02 | M5: 1 | N5: 0.9 | O5: 1 | P5: 軽快な魔法型。耐久控えめ・成長余地大 | Q5: =MAX(0.1,C5)*1.1 -> 0.902 | R5: =MAX(0.1,N5)*IF(B5="Ranged",1.1,0.55) -> 0.99 | S5: =IF(B5="Melee",2.5,0.25*MAX(0.5,O5)) -> 0.25 | T5: =IF(B5="Ranged",2.5,0.25*MAX(0.5,O5)) -> 2.5 | U5: =MAX(0.1,D5)*0.85 -> 0.7225 | V5: =MAX(0.1,E5)*0.85 -> 0.85 | W5: =MAX(0.3,I5/0.05)*0.55 -> 0.55 | X5: =MAX(0.3,J5/1.5)*0.65 -> 0.65 | Y5: =MAX(0.3,K5/2.5)*0.55 -> 0.44 | Z5: =MAX(0.2,F5)*1 -> 1 | AA5: =MAX(0.2,G5)*0.7 -> 0.7 | AB5: =SUM(Q5:AA5) -> 9.5545 | AC5: =MAX(0.5,MIN(1.5,1+L5*4)) -> 0.92 | AD5: =MAX(0.3,MIN(2.5,0.6+K5/6+IF(ISNUMBER(SEARCH("探索",A5)),0.75,0))) -> 0.93333333
A6: 魔法・均衡 | B6: Ranged | C6: 0.92 | D6: 0.95 | E6: 1.05 | F6: 1.05 | G6: 1 | H6: 0.74 | I6: 0.05 | J6: 1.5 | K6: 2 | L6: 0 | M6: 1 | N6: 1 | O6: 1 | P6: 標準的な魔法型 | Q6: =MAX(0.1,C6)*1.1 -> 1.012 | R6: =MAX(0.1,N6)*IF(B6="Ranged",1.1,0.55) -> 1.1 | S6: =IF(B6="Melee",2.5,0.25*MAX(0.5,O6)) -> 0.25 | T6: =IF(B6="Ranged",2.5,0.25*MAX(0.5,O6)) -> 2.5 | U6: =MAX(0.1,D6)*0.85 -> 0.8075 | V6: =MAX(0.1,E6)*0.85 -> 0.8925 | W6: =MAX(0.3,I6/0.05)*0.55 -> 0.55 | X6: =MAX(0.3,J6/1.5)*0.65 -> 0.65 | Y6: =MAX(0.3,K6/2.5)*0.55 -> 0.44 | Z6: =MAX(0.2,F6)*1 -> 1.05 | AA6: =MAX(0.2,G6)*0.7 -> 0.7 | AB6: =SUM(Q6:AA6) -> 9.952 | AC6: =MAX(0.5,MIN(1.5,1+L6*4)) -> 1 | AD6: =MAX(0.3,MIN(2.5,0.6+K6/6+IF(ISNUMBER(SEARCH("探索",A6)),0.75,0))) -> 0.93333333
A7: 魔法・速攻 | B7: Ranged | C7: 1 | D7: 0.95 | E7: 1.1 | F7: 1.1 | G7: 1.08 | H7: 0.8 | I7: 0.07 | J7: 1.55 | K7: 2.3 | L7: -0.03 | M7: 1 | N7: 1.1 | O7: 1 | P7: 高速の魔法型。攻速と射程が優秀 | Q7: =MAX(0.1,C7)*1.1 -> 1.1 | R7: =MAX(0.1,N7)*IF(B7="Ranged",1.1,0.55) -> 1.21 | S7: =IF(B7="Melee",2.5,0.25*MAX(0.5,O7)) -> 0.25 | T7: =IF(B7="Ranged",2.5,0.25*MAX(0.5,O7)) -> 2.5 | U7: =MAX(0.1,D7)*0.85 -> 0.8075 | V7: =MAX(0.1,E7)*0.85 -> 0.935 | W7: =MAX(0.3,I7/0.05)*0.55 -> 0.77 | X7: =MAX(0.3,J7/1.5)*0.65 -> 0.67166667 | Y7: =MAX(0.3,K7/2.5)*0.55 -> 0.506 | Z7: =MAX(0.2,F7)*1 -> 1.1 | AA7: =MAX(0.2,G7)*0.7 -> 0.756 | AB7: =SUM(Q7:AA7) -> 10.606167 | AC7: =MAX(0.5,MIN(1.5,1+L7*4)) -> 0.88 | AD7: =MAX(0.3,MIN(2.5,0.6+K7/6+IF(ISNUMBER(SEARCH("探索",A7)),0.75,0))) -> 0.98333333
A8: 近接・耐久 | B8: Melee | C8: 1.2 | D8: 1.3 | E8: 0.85 | F8: 1 | G8: 0.8 | H8: 0.85 | I8: 0.08 | J8: 1.6 | K8: 2.8 | L8: 0.035 | M8: 1 | N8: 0.85 | O8: 1 | P8: HP・物防寄りの近接型 | Q8: =MAX(0.1,C8)*1.1 -> 1.32 | R8: =MAX(0.1,N8)*IF(B8="Ranged",1.1,0.55) -> 0.4675 | S8: =IF(B8="Melee",2.5,0.25*MAX(0.5,O8)) -> 2.5 | T8: =IF(B8="Ranged",2.5,0.25*MAX(0.5,O8)) -> 0.25 | U8: =MAX(0.1,D8)*0.85 -> 1.105 | V8: =MAX(0.1,E8)*0.85 -> 0.7225 | W8: =MAX(0.3,I8/0.05)*0.55 -> 0.88 | X8: =MAX(0.3,J8/1.5)*0.65 -> 0.69333333 | Y8: =MAX(0.3,K8/2.5)*0.55 -> 0.616 | Z8: =MAX(0.2,F8)*1 -> 1 | AA8: =MAX(0.2,G8)*0.7 -> 0.56 | AB8: =SUM(Q8:AA8) -> 10.114333 | AC8: =MAX(0.5,MIN(1.5,1+L8*4)) -> 1.14 | AD8: =MAX(0.3,MIN(2.5,0.6+K8/6+IF(ISNUMBER(SEARCH("探索",A8)),0.75,0))) -> 1.0666667
A9: 近接・重装 | B9: Melee | C9: 1.35 | D9: 1.4 | E9: 1 | F9: 1.05 | G9: 0.8 | H9: 0.9 | I9: 0.08 | J9: 1.6 | K9: 2.7 | L9: 0.065 | M9: 1 | N9: 0.9 | O9: 1 | P9: 高耐久の近接型。耐性も高め | Q9: =MAX(0.1,C9)*1.1 -> 1.485 | R9: =MAX(0.1,N9)*IF(B9="Ranged",1.1,0.55) -> 0.495 | S9: =IF(B9="Melee",2.5,0.25*MAX(0.5,O9)) -> 2.5 | T9: =IF(B9="Ranged",2.5,0.25*MAX(0.5,O9)) -> 0.25 | U9: =MAX(0.1,D9)*0.85 -> 1.19 | V9: =MAX(0.1,E9)*0.85 -> 0.85 | W9: =MAX(0.3,I9/0.05)*0.55 -> 0.88 | X9: =MAX(0.3,J9/1.5)*0.65 -> 0.69333333 | Y9: =MAX(0.3,K9/2.5)*0.55 -> 0.594 | Z9: =MAX(0.2,F9)*1 -> 1.05 | AA9: =MAX(0.2,G9)*0.7 -> 0.56 | AB9: =SUM(Q9:AA9) -> 10.547333 | AC9: =MAX(0.5,MIN(1.5,1+L9*4)) -> 1.26 | AD9: =MAX(0.3,MIN(2.5,0.6+K9/6+IF(ISNUMBER(SEARCH("探索",A9)),0.75,0))) -> 1.05
A10: 魔法・守護 | B10: Ranged | C10: 1.5 | D10: 1.5 | E10: 1.4 | F10: 1.2 | G10: 1.2 | H10: 1 | I10: 0.1 | J10: 1.75 | K10: 2.4 | L10: 0.08 | M10: 1 | N10: 1.25 | O10: 1 | P10: HP・防御・耐性の高い魔法型 | Q10: =MAX(0.1,C10)*1.1 -> 1.65 | R10: =MAX(0.1,N10)*IF(B10="Ranged",1.1,0.55) -> 1.375 | S10: =IF(B10="Melee",2.5,0.25*MAX(0.5,O10)) -> 0.25 | T10: =IF(B10="Ranged",2.5,0.25*MAX(0.5,O10)) -> 2.5 | U10: =MAX(0.1,D10)*0.85 -> 1.275 | V10: =MAX(0.1,E10)*0.85 -> 1.19 | W10: =MAX(0.3,I10/0.05)*0.55 -> 1.1 | X10: =MAX(0.3,J10/1.5)*0.65 -> 0.75833333 | Y10: =MAX(0.3,K10/2.5)*0.55 -> 0.528 | Z10: =MAX(0.2,F10)*1 -> 1.2 | AA10: =MAX(0.2,G10)*0.7 -> 0.84 | AB10: =SUM(Q10:AA10) -> 12.666333 | AC10: =MAX(0.5,MIN(1.5,1+L10*4)) -> 1.32 | AD10: =MAX(0.3,MIN(2.5,0.6+K10/6+IF(ISNUMBER(SEARCH("探索",A10)),0.75,0))) -> 1
A11: 近接・最終層 | B11: Melee | C11: 0.92 | D11: 0.95 | E11: 1.05 | F11: 1.05 | G11: 0.8 | H11: 0.74 | I11: 0.05 | J11: 1.5 | K11: 2 | L11: 0.01 | M11: 1 | N11: 1 | O11: 1 | P11: 終盤近接の特別配分 | Q11: =MAX(0.1,C11)*1.1 -> 1.012 | R11: =MAX(0.1,N11)*IF(B11="Ranged",1.1,0.55) -> 0.55 | S11: =IF(B11="Melee",2.5,0.25*MAX(0.5,O11)) -> 2.5 | T11: =IF(B11="Ranged",2.5,0.25*MAX(0.5,O11)) -> 0.25 | U11: =MAX(0.1,D11)*0.85 -> 0.8075 | V11: =MAX(0.1,E11)*0.85 -> 0.8925 | W11: =MAX(0.3,I11/0.05)*0.55 -> 0.55 | X11: =MAX(0.3,J11/1.5)*0.65 -> 0.65 | Y11: =MAX(0.3,K11/2.5)*0.55 -> 0.44 | Z11: =MAX(0.2,F11)*1 -> 1.05 | AA11: =MAX(0.2,G11)*0.7 -> 0.56 | AB11: =SUM(Q11:AA11) -> 9.262 | AC11: =MAX(0.5,MIN(1.5,1+L11*4)) -> 1.04 | AD11: =MAX(0.3,MIN(2.5,0.6+K11/6+IF(ISNUMBER(SEARCH("探索",A11)),0.75,0))) -> 0.93333333
A12: 魔法・最終層 | B12: Ranged | C12: 1.2 | D12: 1.3 | E12: 0.85 | F12: 1 | G12: 1 | H12: 0.85 | I12: 0.08 | J12: 1.6 | K12: 2.8 | L12: 0.015 | M12: 1 | N12: 1 | O12: 1 | P12: 終盤魔法の特別配分 | Q12: =MAX(0.1,C12)*1.1 -> 1.32 | R12: =MAX(0.1,N12)*IF(B12="Ranged",1.1,0.55) -> 1.1 | S12: =IF(B12="Melee",2.5,0.25*MAX(0.5,O12)) -> 0.25 | T12: =IF(B12="Ranged",2.5,0.25*MAX(0.5,O12)) -> 2.5 | U12: =MAX(0.1,D12)*0.85 -> 1.105 | V12: =MAX(0.1,E12)*0.85 -> 0.7225 | W12: =MAX(0.3,I12/0.05)*0.55 -> 0.88 | X12: =MAX(0.3,J12/1.5)*0.65 -> 0.69333333 | Y12: =MAX(0.3,K12/2.5)*0.55 -> 0.616 | Z12: =MAX(0.2,F12)*1 -> 1 | AA12: =MAX(0.2,G12)*0.7 -> 0.7 | AB12: =SUM(Q12:AA12) -> 10.886833 | AC12: =MAX(0.5,MIN(1.5,1+L12*4)) -> 1.06 | AD12: =MAX(0.3,MIN(2.5,0.6+K12/6+IF(ISNUMBER(SEARCH("探索",A12)),0.75,0))) -> 1.0666667
A13: 魔法・火力 | B13: Ranged | C13: 0.78 | D13: 0.75 | E13: 0.8 | F13: 1.1 | G13: 1.1 | H13: 0.72 | I13: 0.11 | J13: 1.65 | K13: 2.2 | L13: -0.04 | M13: 1.05 | N13: 1.15 | O13: 1 | P13: 火力偏重。反撃に弱い | Q13: =MAX(0.1,C13)*1.1 -> 0.858 | R13: =MAX(0.1,N13)*IF(B13="Ranged",1.1,0.55) -> 1.265 | S13: =IF(B13="Melee",2.5,0.25*MAX(0.5,O13)) -> 0.25 | T13: =IF(B13="Ranged",2.5,0.25*MAX(0.5,O13)) -> 2.5 | U13: =MAX(0.1,D13)*0.85 -> 0.6375 | V13: =MAX(0.1,E13)*0.85 -> 0.68 | W13: =MAX(0.3,I13/0.05)*0.55 -> 1.21 | X13: =MAX(0.3,J13/1.5)*0.65 -> 0.715 | Y13: =MAX(0.3,K13/2.5)*0.55 -> 0.484 | Z13: =MAX(0.2,F13)*1 -> 1.1 | AA13: =MAX(0.2,G13)*0.7 -> 0.77 | AB13: =SUM(Q13:AA13) -> 10.4695 | AC13: =MAX(0.5,MIN(1.5,1+L13*4)) -> 0.84 | AD13: =MAX(0.3,MIN(2.5,0.6+K13/6+IF(ISNUMBER(SEARCH("探索",A13)),0.75,0))) -> 0.96666667
A14: 魔法・支援 | B14: Ranged | C14: 1 | D14: 1 | E14: 1.2 | F14: 0.95 | G14: 1.15 | H14: 0.84 | I14: 0.06 | J14: 1.4 | K14: 2.1 | L14: 0.03 | M14: 1.2 | N14: 1.45 | O14: 1 | P14: MPと魔防寄りの支援型 | Q14: =MAX(0.1,C14)*1.1 -> 1.1 | R14: =MAX(0.1,N14)*IF(B14="Ranged",1.1,0.55) -> 1.595 | S14: =IF(B14="Melee",2.5,0.25*MAX(0.5,O14)) -> 0.25 | T14: =IF(B14="Ranged",2.5,0.25*MAX(0.5,O14)) -> 2.5 | U14: =MAX(0.1,D14)*0.85 -> 0.85 | V14: =MAX(0.1,E14)*0.85 -> 1.02 | W14: =MAX(0.3,I14/0.05)*0.55 -> 0.66 | X14: =MAX(0.3,J14/1.5)*0.65 -> 0.60666667 | Y14: =MAX(0.3,K14/2.5)*0.55 -> 0.462 | Z14: =MAX(0.2,F14)*1 -> 0.95 | AA14: =MAX(0.2,G14)*0.7 -> 0.805 | AB14: =SUM(Q14:AA14) -> 10.798667 | AC14: =MAX(0.5,MIN(1.5,1+L14*4)) -> 1.12 | AD14: =MAX(0.3,MIN(2.5,0.6+K14/6+IF(ISNUMBER(SEARCH("探索",A14)),0.75,0))) -> 0.95
A15: 近接・火力 | B15: Melee | C15: 0.9 | D15: 0.9 | E15: 0.9 | F15: 1.18 | G15: 0.9 | H15: 0.72 | I15: 0.11 | J15: 1.75 | K15: 3 | L15: -0.03 | M15: 1.05 | N15: 0.8 | O15: 1 | P15: 攻撃とクリティカル特化 | Q15: =MAX(0.1,C15)*1.1 -> 0.99 | R15: =MAX(0.1,N15)*IF(B15="Ranged",1.1,0.55) -> 0.44 | S15: =IF(B15="Melee",2.5,0.25*MAX(0.5,O15)) -> 2.5 | T15: =IF(B15="Ranged",2.5,0.25*MAX(0.5,O15)) -> 0.25 | U15: =MAX(0.1,D15)*0.85 -> 0.765 | V15: =MAX(0.1,E15)*0.85 -> 0.765 | W15: =MAX(0.3,I15/0.05)*0.55 -> 1.21 | X15: =MAX(0.3,J15/1.5)*0.65 -> 0.75833333 | Y15: =MAX(0.3,K15/2.5)*0.55 -> 0.66 | Z15: =MAX(0.2,F15)*1 -> 1.18 | AA15: =MAX(0.2,G15)*0.7 -> 0.63 | AB15: =SUM(Q15:AA15) -> 10.148333 | AC15: =MAX(0.5,MIN(1.5,1+L15*4)) -> 0.88 | AD15: =MAX(0.3,MIN(2.5,0.6+K15/6+IF(ISNUMBER(SEARCH("探索",A15)),0.75,0))) -> 1.1
A16: 近接・速攻 | B16: Melee | C16: 0.8 | D16: 0.8 | E16: 0.8 | F16: 1.32 | G16: 1 | H16: 0.68 | I16: 0.08 | J16: 1.55 | K16: 3.3 | L16: -0.04 | M16: 1.2 | N16: 0.85 | O16: 1 | P16: 手数と移動重視 | Q16: =MAX(0.1,C16)*1.1 -> 0.88 | R16: =MAX(0.1,N16)*IF(B16="Ranged",1.1,0.55) -> 0.4675 | S16: =IF(B16="Melee",2.5,0.25*MAX(0.5,O16)) -> 2.5 | T16: =IF(B16="Ranged",2.5,0.25*MAX(0.5,O16)) -> 0.25 | U16: =MAX(0.1,D16)*0.85 -> 0.68 | V16: =MAX(0.1,E16)*0.85 -> 0.68 | W16: =MAX(0.3,I16/0.05)*0.55 -> 0.88 | X16: =MAX(0.3,J16/1.5)*0.65 -> 0.67166667 | Y16: =MAX(0.3,K16/2.5)*0.55 -> 0.726 | Z16: =MAX(0.2,F16)*1 -> 1.32 | AA16: =MAX(0.2,G16)*0.7 -> 0.7 | AB16: =SUM(Q16:AA16) -> 9.7551667 | AC16: =MAX(0.5,MIN(1.5,1+L16*4)) -> 0.84 | AD16: =MAX(0.3,MIN(2.5,0.6+K16/6+IF(ISNUMBER(SEARCH("探索",A16)),0.75,0))) -> 1.15
... A54: 近接・軽装強打 | B54: Melee | C54: 0.76 | D54: 0.76 | E54: 0.7 | F54: 0.86 | G54: 1.33 | H54: 0.64 | I54: 0.095 | J54: 2.4 | K54: 3.35 | L54: -0.07 | M54: 1.15 | N54: 0.62 | O54: 0.62 | P54: 高い会心倍率と中距離の強打 | Q54: =MAX(0.1,C54)*1.1 -> 0.836 | R54: =MAX(0.1,N54)*IF(B54="Ranged",1.1,0.55) -> 0.341 | S54: =IF(B54="Melee",2.5,0.25*MAX(0.5,O54)) -> 2.5 | T54: =IF(B54="Ranged",2.5,0.25*MAX(0.5,O54)) -> 0.155 | U54: =MAX(0.1,D54)*0.85 -> 0.646 | V54: =MAX(0.1,E54)*0.85 -> 0.595 | W54: =MAX(0.3,I54/0.05)*0.55 -> 1.045 | X54: =MAX(0.3,J54/1.5)*0.65 -> 1.04 | Y54: =MAX(0.3,K54/2.5)*0.55 -> 0.737 | Z54: =MAX(0.2,F54)*1 -> 0.86 | AA54: =MAX(0.2,G54)*0.7 -> 0.931 | AB54: =SUM(Q54:AA54) -> 9.686 | AC54: =MAX(0.5,MIN(1.5,1+L54*4)) -> 0.72 | AD54: =MAX(0.3,MIN(2.5,0.6+K54/6+IF(ISNUMBER(SEARCH("探索",A54)),0.75,0))) -> 1.1583333

Sheet 属性耐性マスタ
A1: ELEMENT MASTER | 属性から称号耐性を自動設定
A3: 0.060＝タイトル耐性+6ポイント。属性マスタはモンスター属性耐性とは独立して調整します。
A4: 属性 | B4: 火耐性 | C4: 水耐性 | D4: 風耐性 | E4: 雷耐性 | F4: 光耐性 | G4: 闇耐性 | H4: メモ
A5: 火 | B5: 0.06 | C5: 0.012 | D5: 0.004 | E5: 0.004 | F5: 0.003 | G5: 0.003 | H5: 火を重点強化
A6: 水 | B6: 0.012 | C6: 0.06 | D6: 0.004 | E6: 0.004 | F6: 0.003 | G6: 0.003 | H6: 水を重点強化
A7: 風 | B7: 0.004 | C7: 0.004 | D7: 0.06 | E7: 0.015 | F7: 0.003 | G7: 0.003 | H7: 風重視・雷も補助
A8: 雷 | B8: 0.004 | C8: 0.004 | D8: 0.015 | E8: 0.06 | F8: 0.003 | G8: 0.003 | H8: 雷重視・風も補助
A9: 光 | B9: 0.003 | C9: 0.003 | D9: 0.003 | E9: 0.003 | F9: 0.06 | G9: 0.008 | H9: 光重視・闇も補助
A10: 闇 | B10: 0.003 | C10: 0.003 | D10: 0.003 | E10: 0.003 | F10: 0.008 | G10: 0.06 | H10: 闇重視・光も補助
